"","ui","rootSource","uri","name"
"1","C0037315","MTH","https://uts-ws.nlm.nih.gov/rest/content/2022AA/CUI/C0037315","Sleep Apnea Syndromes"
"2","C0851578","MTH","https://uts-ws.nlm.nih.gov/rest/content/2022AA/CUI/C0851578","Sleep Disorders"
"3","C0037313","MTH","https://uts-ws.nlm.nih.gov/rest/content/2022AA/CUI/C0037313","Sleep"
"4","C0917801","MTH","https://uts-ws.nlm.nih.gov/rest/content/2022AA/CUI/C0917801","Sleeplessness"
"5","C0037672","MTH","https://uts-ws.nlm.nih.gov/rest/content/2022AA/CUI/C0037672","Somnambulism"
"6","C0037316","MTH","https://uts-ws.nlm.nih.gov/rest/content/2022AA/CUI/C0037316","Sleep Deprivation"
"7","C0917799","MTH","https://uts-ws.nlm.nih.gov/rest/content/2022AA/CUI/C0917799","Hypersomnia"
"8","C0037317","MTH","https://uts-ws.nlm.nih.gov/rest/content/2022AA/CUI/C0037317","Sleep disturbances"
"9","C0027404","MSH","https://uts-ws.nlm.nih.gov/rest/content/2022AA/CUI/C0027404","Narcolepsy"
"10","C0520679","MTH","https://uts-ws.nlm.nih.gov/rest/content/2022AA/CUI/C0520679","Sleep Apnea, Obstructive"
"11","C0037320","MTH","https://uts-ws.nlm.nih.gov/rest/content/2022AA/CUI/C0037320","Night Terrors"
"12","C0162701","MTH","https://uts-ws.nlm.nih.gov/rest/content/2022AA/CUI/C0162701","Polysomnography"
"13","C0542313","MTH","https://uts-ws.nlm.nih.gov/rest/content/2022AA/CUI/C0542313","Sleep Talking"
"14","C0456511","MSH","https://uts-ws.nlm.nih.gov/rest/content/2022AA/CUI/C0456511","Sleep Paralysis"
"15","C0037322","MSH","https://uts-ws.nlm.nih.gov/rest/content/2022AA/CUI/C0037322","Sleep, REM"
"16","C0751772","MSH","https://uts-ws.nlm.nih.gov/rest/content/2022AA/CUI/C0751772","REM Sleep Behavior Disorder"
"17","C0200101","SNOMEDCT_US","https://uts-ws.nlm.nih.gov/rest/content/2022AA/CUI/C0200101","Sleep electroencephalogram"
"18","C0877792","MTH","https://uts-ws.nlm.nih.gov/rest/content/2022AA/CUI/C0877792","Sleep Disorders, Circadian Rhythm"
"19","C0234451","MTH","https://uts-ws.nlm.nih.gov/rest/content/2022AA/CUI/C0234451","Sleep, Slow-Wave"
"20","C0021603","MSH","https://uts-ws.nlm.nih.gov/rest/content/2022AA/CUI/C0021603","Sleep Initiation and Maintenance Disorders"
"21","C0393770","MTH","https://uts-ws.nlm.nih.gov/rest/content/2022AA/CUI/C0393770","Delayed Sleep Phase Syndrome"
"22","C0424563","MTH","https://uts-ws.nlm.nih.gov/rest/content/2022AA/CUI/C0424563","Quality of sleep"
"23","C0278182","MTH","https://uts-ws.nlm.nih.gov/rest/content/2022AA/CUI/C0278182","Light sleep"
"24","C0235160","SNOMEDCT_US","https://uts-ws.nlm.nih.gov/rest/content/2022AA/CUI/C0235160","Restless sleep"
"25","C0424566","SNOMEDCT_US","https://uts-ws.nlm.nih.gov/rest/content/2022AA/CUI/C0424566","Not getting enough sleep"
"26","C0184578","SNOMEDCT_US","https://uts-ws.nlm.nih.gov/rest/content/2022AA/CUI/C0184578","Sleep enhancement"
"27","C0150079","SNOMEDCT_US","https://uts-ws.nlm.nih.gov/rest/content/2022AA/CUI/C0150079","Sleep pattern disturbance"
"28","C0520680","MTH","https://uts-ws.nlm.nih.gov/rest/content/2022AA/CUI/C0520680","Sleep Apnea, Central"
"29","C0154565","MTH","https://uts-ws.nlm.nih.gov/rest/content/2022AA/CUI/C0154565","Non-organic sleep disorder"
"30","C0030508","MTH","https://uts-ws.nlm.nih.gov/rest/content/2022AA/CUI/C0030508","Parasomnia"
"31","C0037319","MSH","https://uts-ws.nlm.nih.gov/rest/content/2022AA/CUI/C0037319","Sleep Stages"
"32","C0474396","SNOMEDCT_US","https://uts-ws.nlm.nih.gov/rest/content/2022AA/CUI/C0474396","Sleep behavior finding"
"33","C0424574","MTH","https://uts-ws.nlm.nih.gov/rest/content/2022AA/CUI/C0424574","Duration of sleep"
"34","C0855247","SNOMEDCT_US","https://uts-ws.nlm.nih.gov/rest/content/2022AA/CUI/C0855247","Sleep attack"
"35","C0456512","MSH","https://uts-ws.nlm.nih.gov/rest/content/2022AA/CUI/C0456512","Sleep Starts"
"36","C0424565","SNOMEDCT_US","https://uts-ws.nlm.nih.gov/rest/content/2022AA/CUI/C0424565","Cannot sleep at all"
"37","C0236993","MTH","https://uts-ws.nlm.nih.gov/rest/content/2022AA/CUI/C0236993","Other sleep disorders"
"38","C0234455","MSH","https://uts-ws.nlm.nih.gov/rest/content/2022AA/CUI/C0234455","Sleep Drunkenness"
"39","C0587116","SNOMEDCT_US","https://uts-ws.nlm.nih.gov/rest/content/2022AA/CUI/C0587116","During sleep"
"40","C0876890","RXNORM","https://uts-ws.nlm.nih.gov/rest/content/2022AA/CUI/C0876890","Simply Sleep"
"41","C3887547","MTH","https://uts-ws.nlm.nih.gov/rest/content/2022AA/CUI/C3887547","Central sleep apnea syndrome"
"42","C0235161","MDR","https://uts-ws.nlm.nih.gov/rest/content/2022AA/CUI/C0235161","Sleep loss"
"43","C1321597","MTH","https://uts-ws.nlm.nih.gov/rest/content/2022AA/CUI/C1321597","Sleep studies - specialty"
"44","C0237086","CHV","https://uts-ws.nlm.nih.gov/rest/content/2022AA/CUI/C0237086","rest/sleep"
"45","C0424571","SNOMEDCT_US","https://uts-ws.nlm.nih.gov/rest/content/2022AA/CUI/C0424571","Unrefreshed by sleep"
"46","C0234452","SNOMEDCT_US","https://uts-ws.nlm.nih.gov/rest/content/2022AA/CUI/C0234452","Prolonged sleep"
"47","C0234453","SNOMEDCT_US","https://uts-ws.nlm.nih.gov/rest/content/2022AA/CUI/C0234453","Twilight sleep"
"48","C4477058","HPO","https://uts-ws.nlm.nih.gov/rest/content/2022AA/CUI/C4477058","Fragmented sleep"
"49","C1273382","SNOMEDCT_US","https://uts-ws.nlm.nih.gov/rest/content/2022AA/CUI/C1273382","Sleep management"
"50","C4551689","MTH","https://uts-ws.nlm.nih.gov/rest/content/2022AA/CUI/C4551689","Sleep-Disordered Breathing"
"51","C0871908","CHV","https://uts-ws.nlm.nih.gov/rest/content/2022AA/CUI/C0871908","sleep onset"
"52","C2364286","MTH","https://uts-ws.nlm.nih.gov/rest/content/2022AA/CUI/C2364286","Actual Positive Sleep"
"53","C0751758","MSH","https://uts-ws.nlm.nih.gov/rest/content/2022AA/CUI/C0751758","Advanced Sleep Phase Syndrome"
"54","C0475712","MTH","https://uts-ws.nlm.nih.gov/rest/content/2022AA/CUI/C0475712","Primary sleep apnea of newborn"
"55","C0700201","MTH","https://uts-ws.nlm.nih.gov/rest/content/2022AA/CUI/C0700201","Dyssomnias"
"56","C0751771","MSH","https://uts-ws.nlm.nih.gov/rest/content/2022AA/CUI/C0751771","Sleep Bruxism"
"57","C0518083","OMIM","https://uts-ws.nlm.nih.gov/rest/content/2022AA/CUI/C0518083","Disrupted sleep"
"58","C0723367","MMSL","https://uts-ws.nlm.nih.gov/rest/content/2022AA/CUI/C0723367","Sleep Tabs"
"59","C0557876","SNOMEDCT_US","https://uts-ws.nlm.nih.gov/rest/content/2022AA/CUI/C0557876","Ability to sleep"
"60","C1822020","MSH","https://uts-ws.nlm.nih.gov/rest/content/2022AA/CUI/C1822020","Insufficient Sleep"
"61","C2584341","MTH","https://uts-ws.nlm.nih.gov/rest/content/2022AA/CUI/C2584341","Amount of sleep"
"62","C3161484","MTH","https://uts-ws.nlm.nih.gov/rest/content/2022AA/CUI/C3161484","sleep diary (procedure)"
"63","C0393760","MTH","https://uts-ws.nlm.nih.gov/rest/content/2022AA/CUI/C0393760","Initial insomnia"
"64","C0518597","CHV","https://uts-ws.nlm.nih.gov/rest/content/2022AA/CUI/C0518597","sleep routine"
"65","C0871378","CHV","https://uts-ws.nlm.nih.gov/rest/content/2022AA/CUI/C0871378","sleep treatment"
"66","C0699724","CHV","https://uts-ws.nlm.nih.gov/rest/content/2022AA/CUI/C0699724","sleep epilepsy"
"67","C0599428","CHV","https://uts-ws.nlm.nih.gov/rest/content/2022AA/CUI/C0599428","regulation of sleep"
"68","C2232698","MEDCIN","https://uts-ws.nlm.nih.gov/rest/content/2022AA/CUI/C2232698","sleep symptoms"
"69","C2136000","MEDCIN","https://uts-ws.nlm.nih.gov/rest/content/2022AA/CUI/C2136000","sleep posture"
"70","C0751505","MSH","https://uts-ws.nlm.nih.gov/rest/content/2022AA/CUI/C0751505","Insufficient Sleep Syndrome"
"71","C0718303","MMSL","https://uts-ws.nlm.nih.gov/rest/content/2022AA/CUI/C0718303","Aid to Sleep"
"72","C0519186","SNOMEDCT_US","https://uts-ws.nlm.nih.gov/rest/content/2022AA/CUI/C0519186","Multiple sleep latency test"
"73","C0392188","SNOMEDCT_US","https://uts-ws.nlm.nih.gov/rest/content/2022AA/CUI/C0392188","Abnormal rapid eye movement sleep"
"74","C0752290","MTH","https://uts-ws.nlm.nih.gov/rest/content/2022AA/CUI/C0752290","Inadequate Sleep Hygiene"
"75","C0236845","SNOMEDCT_US","https://uts-ws.nlm.nih.gov/rest/content/2022AA/CUI/C0236845","Breathing-related sleep disorder"
"76","C1406365","ICPC2ICD10ENG","https://uts-ws.nlm.nih.gov/rest/content/2022AA/CUI/C1406365","rhythm; sleep"
"77","C1403761","ICPC2ICD10ENG","https://uts-ws.nlm.nih.gov/rest/content/2022AA/CUI/C1403761","melanoma; sleep"
"78","C5415700","CPT","https://uts-ws.nlm.nih.gov/rest/content/2022AA/CUI/C5415700","Study of sleep patterns, including sleep time"
"79","C2242870","MTH","https://uts-ws.nlm.nih.gov/rest/content/2022AA/CUI/C2242870","lack of adequate sleep (history of sleep habits)"
"80","C0154572","SNOMEDCT_US","https://uts-ws.nlm.nih.gov/rest/content/2022AA/CUI/C0154572","Repetitive intrusions of sleep"
"81","C2937255","CHV","https://uts-ws.nlm.nih.gov/rest/content/2022AA/CUI/C2937255","hours of sleep"
"82","C5421580","HPO","https://uts-ws.nlm.nih.gov/rest/content/2022AA/CUI/C5421580","Shortened sleep cycle"
"83","C0857796","MDR","https://uts-ws.nlm.nih.gov/rest/content/2022AA/CUI/C0857796","Died in sleep"
"84","C0338497","SNOMEDCT_US","https://uts-ws.nlm.nih.gov/rest/content/2022AA/CUI/C0338497","Reversed sleep-wake cycle"
"85","C2227329","MEDCIN","https://uts-ws.nlm.nih.gov/rest/content/2022AA/CUI/C2227329","neurovegetative assessment sleep"
"86","C0236713","SNOMEDCT_US","https://uts-ws.nlm.nih.gov/rest/content/2022AA/CUI/C0236713","Caffeine-induced sleep disorder"
"87","C0236662","SNOMEDCT_US","https://uts-ws.nlm.nih.gov/rest/content/2022AA/CUI/C0236662","Alcohol-induced sleep disorder"
"88","C2370870","ICF","https://uts-ws.nlm.nih.gov/rest/content/2022AA/CUI/C2370870","Maintenance of sleep"
"89","C1160978","SNOMEDCT_US","https://uts-ws.nlm.nih.gov/rest/content/2022AA/CUI/C1160978","Assessment of sleep pattern"
"90","C0281168","MDR","https://uts-ws.nlm.nih.gov/rest/content/2022AA/CUI/C0281168","Sleep disorder therapy"
"91","C0235162","MTH","https://uts-ws.nlm.nih.gov/rest/content/2022AA/CUI/C0235162","Difficulty sleeping"
"92","C2219946","MTH","https://uts-ws.nlm.nih.gov/rest/content/2022AA/CUI/C2219946","sleep terrors with poor dream recall"
"93","C4062615","NANDA-I","https://uts-ws.nlm.nih.gov/rest/content/2022AA/CUI/C4062615","Dissatisfaction with sleep"
"94","C1561861","SNOMEDCT_US","https://uts-ws.nlm.nih.gov/rest/content/2022AA/CUI/C1561861","Organic sleep apnea"
"95","C1561892","SNOMEDCT_US","https://uts-ws.nlm.nih.gov/rest/content/2022AA/CUI/C1561892","Organic sleep disorder"
"96","C0393761","SNOMEDCT_US","https://uts-ws.nlm.nih.gov/rest/content/2022AA/CUI/C0393761","Middle insomnia"
"97","C0159030","SNOMEDCT_US","https://uts-ws.nlm.nih.gov/rest/content/2022AA/CUI/C0159030","Insomnia with sleep apnea"
"98","C0020530","SNOMEDCT_US","https://uts-ws.nlm.nih.gov/rest/content/2022AA/CUI/C0020530","Hypersomnia with sleep apnea"
"99","C0421211","SNOMEDCT_US","https://uts-ws.nlm.nih.gov/rest/content/2022AA/CUI/C0421211","Asthma disturbing sleep"
"100","C0752291","MSH","https://uts-ws.nlm.nih.gov/rest/content/2022AA/CUI/C0752291","Limit-Setting Sleep Disorder"
"101","C4082202","MTH","https://uts-ws.nlm.nih.gov/rest/content/2022AA/CUI/C4082202","Sleep Quality Question"
"102","C0236717","SNOMEDCT_US","https://uts-ws.nlm.nih.gov/rest/content/2022AA/CUI/C0236717","Cocaine-induced sleep disorder"
"103","C0236722","SNOMEDCT_US","https://uts-ws.nlm.nih.gov/rest/content/2022AA/CUI/C0236722","Opioid-induced sleep disorder"
"104","C1862911","SNOMEDCT_US","https://uts-ws.nlm.nih.gov/rest/content/2022AA/CUI/C1862911","Decreased need for sleep"
"105","C4724916","NCI","https://uts-ws.nlm.nih.gov/rest/content/2022AA/CUI/C4724916","Extent Breast Cancer Treatment Disrupted Normal Sleep"
"106","C0854740","MDR","https://uts-ws.nlm.nih.gov/rest/content/2022AA/CUI/C0854740","Delayed sleep phase"
"107","C2220397","MTH","https://uts-ws.nlm.nih.gov/rest/content/2022AA/CUI/C2220397","History of amount of sleep in 24 hours"
"108","C0679010","AOD","https://uts-ws.nlm.nih.gov/rest/content/2022AA/CUI/C0679010","wakefulness and sleep"
"109","C0752289","MSH","https://uts-ws.nlm.nih.gov/rest/content/2022AA/CUI/C0752289","Environmental Sleep Disorder"
"110","C0430629","SNOMEDCT_US","https://uts-ws.nlm.nih.gov/rest/content/2022AA/CUI/C0430629","Sleep latency test"
"111","C1456292","SNOMEDCT_US","https://uts-ws.nlm.nih.gov/rest/content/2022AA/CUI/C1456292","Drug-induced sleep disorder"
"112","C4054082","NCI","https://uts-ws.nlm.nih.gov/rest/content/2022AA/CUI/C4054082","Refreshing Sleep"
"113","C5545365","SNOMEDCT_US","https://uts-ws.nlm.nih.gov/rest/content/2022AA/CUI/C5545365","Has adequate sleep"
"114","C0236710","SNOMEDCT_US","https://uts-ws.nlm.nih.gov/rest/content/2022AA/CUI/C0236710","Amphetamine-induced sleep disorder"
"115","C0421212","SNOMEDCT_US","https://uts-ws.nlm.nih.gov/rest/content/2022AA/CUI/C0421212","Asthma not disturbing sleep"
"116","C1826986","MTH","https://uts-ws.nlm.nih.gov/rest/content/2022AA/CUI/C1826986","Deep sleep (infant growth and development finding)"
"117","C0475256","SNOMEDCT_US","https://uts-ws.nlm.nih.gov/rest/content/2022AA/CUI/C0475256","Appliance for sleep apnea"
"118","C1273114","MTH","https://uts-ws.nlm.nih.gov/rest/content/2022AA/CUI/C1273114","Ready for enhanced sleep pattern"
"119","C0541798","MTH","https://uts-ws.nlm.nih.gov/rest/content/2022AA/CUI/C0541798","Terminal insomnia"
"120","C4227503","HPO","https://uts-ws.nlm.nih.gov/rest/content/2022AA/CUI/C4227503","Early sleep onset"
"121","C0338496","SNOMEDCT_US","https://uts-ws.nlm.nih.gov/rest/content/2022AA/CUI/C0338496","Alveolar sleep apnea"
"122","C1135365","CHV","https://uts-ws.nlm.nih.gov/rest/content/2022AA/CUI/C1135365","sleep apnea of newborn"
"123","C0751762","MSH","https://uts-ws.nlm.nih.gov/rest/content/2022AA/CUI/C0751762","Central Sleep Apnea, Primary"
"124","C0430791","SNOMEDCT_US","https://uts-ws.nlm.nih.gov/rest/content/2022AA/CUI/C0430791","Sleep electroencephalogram during natural sleep"
"125","C0430793","SNOMEDCT_US","https://uts-ws.nlm.nih.gov/rest/content/2022AA/CUI/C0430793","Sleep EEG - drug-induced sleep"
"126","C5203201","MTH","https://uts-ws.nlm.nih.gov/rest/content/2022AA/CUI/C5203201","REM sleep duration"
"127","C5203638","MTH","https://uts-ws.nlm.nih.gov/rest/content/2022AA/CUI/C5203638","Light sleep duration"
"128","C5203494","MTH","https://uts-ws.nlm.nih.gov/rest/content/2022AA/CUI/C5203494","Deep sleep duration"
"129","C0860509","MDR","https://uts-ws.nlm.nih.gov/rest/content/2022AA/CUI/C0860509","Reversed sleep rhythm"
"130","C0476211","SNOMEDCT_US","https://uts-ws.nlm.nih.gov/rest/content/2022AA/CUI/C0476211","Sleep dysfunction with sleep stage disturbance"
"131","C1303139","SNOMEDCT_US","https://uts-ws.nlm.nih.gov/rest/content/2022AA/CUI/C1303139","Delayed onset of sleep"
"132","C0013373","MDR","https://uts-ws.nlm.nih.gov/rest/content/2022AA/CUI/C0013373","Dysfunctions associated with sleep stages or arousal from sleep"
"133","C5548137","SNOMEDCT_US","https://uts-ws.nlm.nih.gov/rest/content/2022AA/CUI/C5548137","Facilitation of adequate sleep"
"134","C1285445","SNOMEDCT_US","https://uts-ws.nlm.nih.gov/rest/content/2022AA/CUI/C1285445","Substance-induced sleep disorder"
"135","C4237506","SNOMEDCT_US","https://uts-ws.nlm.nih.gov/rest/content/2022AA/CUI/C4237506","Sleep disorder caused by cannabis"
"136","C0854739","MDR","https://uts-ws.nlm.nih.gov/rest/content/2022AA/CUI/C0854739","Advanced sleep phase"
"137","C4054013","NCI","https://uts-ws.nlm.nih.gov/rest/content/2022AA/CUI/C4054013","Sleep is Restless"
"138","C4331295","NCI","https://uts-ws.nlm.nih.gov/rest/content/2022AA/CUI/C4331295","Sleep a Lot"
"139","C0851053","SNOMEDCT_US","https://uts-ws.nlm.nih.gov/rest/content/2022AA/CUI/C0851053","Referral to sleep clinic"
"140","C0751506","MSH","https://uts-ws.nlm.nih.gov/rest/content/2022AA/CUI/C0751506","REM Sleep Deprivation"
"141","C0338495","MSH","https://uts-ws.nlm.nih.gov/rest/content/2022AA/CUI/C0338495","Sleep Apnea, Mixed Central and Obstructive"
"142","C0236914","ICPC2ICD10ENG","https://uts-ws.nlm.nih.gov/rest/content/2022AA/CUI/C0236914","anxiolytic; sleep disorder"
"143","C0837174","ICD10AMAE","https://uts-ws.nlm.nih.gov/rest/content/2022AA/CUI/C0837174","Other sleep apnea"
"144","C2198906","MEDCIN","https://uts-ws.nlm.nih.gov/rest/content/2022AA/CUI/C2198906","do not feel rested after adequate night's sleep"
"145","C0154571","ICD9CM","https://uts-ws.nlm.nih.gov/rest/content/2022AA/CUI/C0154571","Other dysfunctions of sleep stages or arousal from sleep"
"146","C1320381","SNOMEDCT_US","https://uts-ws.nlm.nih.gov/rest/content/2022AA/CUI/C1320381","Phototherapy: sleep regulation"
"147","C3879333","SNOMEDCT_US","https://uts-ws.nlm.nih.gov/rest/content/2022AA/CUI/C3879333","Infant sleep positioner"
"148","C1277595","SNOMEDCT_US","https://uts-ws.nlm.nih.gov/rest/content/2022AA/CUI/C1277595","Poor sleep pattern"
"149","C0424569","SNOMEDCT_US","https://uts-ws.nlm.nih.gov/rest/content/2022AA/CUI/C0424569","Circumstances interfere with sleep"
"150","C0424570","SNOMEDCT_US","https://uts-ws.nlm.nih.gov/rest/content/2022AA/CUI/C0424570","Symptoms interfere with sleep"
"151","C1561874","MEDCIN","https://uts-ws.nlm.nih.gov/rest/content/2022AA/CUI/C1561874","Circadian rhythm sleep disorder, irregular sleep wake type"
"152","C2923045","MTH","https://uts-ws.nlm.nih.gov/rest/content/2022AA/CUI/C2923045","sleep study unattended (procedure)"
"153","C5203637","MTH","https://uts-ws.nlm.nih.gov/rest/content/2022AA/CUI/C5203637","Light sleep duration:Time:Pt:^Patient:Qn"
"154","C5203495","MTH","https://uts-ws.nlm.nih.gov/rest/content/2022AA/CUI/C5203495","Deep sleep duration:Time:Pt:^Patient:Qn"
"155","C5203200","MTH","https://uts-ws.nlm.nih.gov/rest/content/2022AA/CUI/C5203200","REM sleep duration:Time:Pt:^Patient:Qn"
"156","C3875015","SNOMEDCT_US","https://uts-ws.nlm.nih.gov/rest/content/2022AA/CUI/C3875015","At risk of sleep impairment"
"157","C3517188","CPT","https://uts-ws.nlm.nih.gov/rest/content/2022AA/CUI/C3517188","Study of sleep patterns"
"158","C3697468","SNOMEDCT_US","https://uts-ws.nlm.nih.gov/rest/content/2022AA/CUI/C3697468","Pittsburgh sleep quality index"
"159","C1396391","ICPC2ICD10ENG","https://uts-ws.nlm.nih.gov/rest/content/2022AA/CUI/C1396391","sleep disorder; emotional"
"160","C5565642","MSH","https://uts-ws.nlm.nih.gov/rest/content/2022AA/CUI/C5565642","restless sleep disorder"
"161","C0338961","ICD10","https://uts-ws.nlm.nih.gov/rest/content/2022AA/CUI/C0338961","Other nonorganic sleep disorders"
"162","C0871379","CHV","https://uts-ws.nlm.nih.gov/rest/content/2022AA/CUI/C0871379","sleep wake cycle"
"163","C4703589","HPO","https://uts-ws.nlm.nih.gov/rest/content/2022AA/CUI/C4703589","Late sleep onset"
"164","C3203743","MDR","https://uts-ws.nlm.nih.gov/rest/content/2022AA/CUI/C3203743","Change in sleep pattern"
"165","C1262141","MDR","https://uts-ws.nlm.nih.gov/rest/content/2022AA/CUI/C1262141","Poor quality sleep"
"166","C0854741","MDR","https://uts-ws.nlm.nih.gov/rest/content/2022AA/CUI/C0854741","Irregular sleep phase"
"167","C0858935","MDR","https://uts-ws.nlm.nih.gov/rest/content/2022AA/CUI/C0858935","Post anesthetic sleep"
"168","C0424283","SNOMEDCT_US","https://uts-ws.nlm.nih.gov/rest/content/2022AA/CUI/C0424283","No recollection of sleep walk"
"169","C1325875","GO","https://uts-ws.nlm.nih.gov/rest/content/2022AA/CUI/C1325875","circadian sleep/wake cycle, sleep"
"170","C1291739","SNOMEDCT_US","https://uts-ws.nlm.nih.gov/rest/content/2022AA/CUI/C1291739","Finding related to sleep"
"171","C1997528","SNOMEDCT_US","https://uts-ws.nlm.nih.gov/rest/content/2022AA/CUI/C1997528","Seen in sleep clinic"
"172","C1444222","SNOMEDCT_US","https://uts-ws.nlm.nih.gov/rest/content/2022AA/CUI/C1444222","Sleep pattern control assessment"
"173","C4751443","SNOMEDCT_US","https://uts-ws.nlm.nih.gov/rest/content/2022AA/CUI/C4751443","High-altitude sleep mask"
"174","C0751760","MTH","https://uts-ws.nlm.nih.gov/rest/content/2022AA/CUI/C0751760","Shift-Work Sleep Disorder"
"175","C0020524","MSH","https://uts-ws.nlm.nih.gov/rest/content/2022AA/CUI/C0020524","Disorders of Excessive Somnolence"
"176","C3808451","OMIM","https://uts-ws.nlm.nih.gov/rest/content/2022AA/CUI/C3808451","Disordered sleep pattern"
"177","C3539544","MTH","https://uts-ws.nlm.nih.gov/rest/content/2022AA/CUI/C3539544","problems related to sleep (history)"
"178","C1849174","OMIM","https://uts-ws.nlm.nih.gov/rest/content/2022AA/CUI/C1849174","Abnormal sleep pattern"
"179","C1834374","OMIM","https://uts-ws.nlm.nih.gov/rest/content/2022AA/CUI/C1834374","Nocturnal sleep disruption"
"180","C3280268","OMIM","https://uts-ws.nlm.nih.gov/rest/content/2022AA/CUI/C3280268","Decreased sleep latency"
"181","C5436399","OMIM","https://uts-ws.nlm.nih.gov/rest/content/2022AA/CUI/C5436399","Seizures during sleep"
"182","C5195524","OMIM","https://uts-ws.nlm.nih.gov/rest/content/2022AA/CUI/C5195524","Abnormal sleep behavior"
"183","C2674747","OMIM","https://uts-ws.nlm.nih.gov/rest/content/2022AA/CUI/C2674747","Reduced sleep latency"
"184","C1857475","OMIM","https://uts-ws.nlm.nih.gov/rest/content/2022AA/CUI/C1857475","Absent REM sleep"
"185","C4227502","OMIM","https://uts-ws.nlm.nih.gov/rest/content/2022AA/CUI/C4227502","Early sleep offset"
"186","C2118105","MEDCIN","https://uts-ws.nlm.nih.gov/rest/content/2022AA/CUI/C2118105","adult sleep apnea"
"187","C3862769","MEDCIN","https://uts-ws.nlm.nih.gov/rest/content/2022AA/CUI/C3862769","nonorganic sleep apnea"
"188","C2227333","MEDCIN","https://uts-ws.nlm.nih.gov/rest/content/2022AA/CUI/C2227333","sleep assessment hypersomnolent"
"189","C3161485","MEDCIN","https://uts-ws.nlm.nih.gov/rest/content/2022AA/CUI/C3161485","sleep response test"
"190","C2118104","MEDCIN","https://uts-ws.nlm.nih.gov/rest/content/2022AA/CUI/C2118104","pediatric sleep apnea"
"191","C0751352","MSH","https://uts-ws.nlm.nih.gov/rest/content/2022AA/CUI/C0751352","Myoclonus, Nocturnal"
"192","C4237042","DSM-5","https://uts-ws.nlm.nih.gov/rest/content/2022AA/CUI/C4237042","Central sleep apnea, Idiopathic central sleep apnea"
"193","C0752295","MSH","https://uts-ws.nlm.nih.gov/rest/content/2022AA/CUI/C0752295","Confusional Arousals"
"194","C3174345","LNC","https://uts-ws.nlm.nih.gov/rest/content/2022AA/CUI/C3174345","I didn't sleep as well as I usually sleep"
"195","C5567449","SNOMEDCT_US","https://uts-ws.nlm.nih.gov/rest/content/2022AA/CUI/C5567449","Promotion of sleep hygiene"
"196","C0236991","CHV","https://uts-ws.nlm.nih.gov/rest/content/2022AA/CUI/C0236991","primary sleep disorders"
"197","C4476669","HPO","https://uts-ws.nlm.nih.gov/rest/content/2022AA/CUI/C4476669","Triggered by sleep deprivation"
"198","C1400167","ICPC2ICD10ENG","https://uts-ws.nlm.nih.gov/rest/content/2022AA/CUI/C1400167","sleep disorder; hypnotics"
"199","C1392743","ICPC2ICD10ENG","https://uts-ws.nlm.nih.gov/rest/content/2022AA/CUI/C1392743","sleep disorder; cocaine"
"200","C1387214","ICPC2ICD10ENG","https://uts-ws.nlm.nih.gov/rest/content/2022AA/CUI/C1387214","sleep disorder; amfetamine"
"201","C1408831","ICPC2ICD10ENG","https://uts-ws.nlm.nih.gov/rest/content/2022AA/CUI/C1408831","sleep disorder; opioid"
"202","C1409815","ICPC2ICD10ENG","https://uts-ws.nlm.nih.gov/rest/content/2022AA/CUI/C1409815","sleep; deprivation, epileptic"
"203","C1409661","ICPC2ICD10ENG","https://uts-ws.nlm.nih.gov/rest/content/2022AA/CUI/C1409661","sleep disorder; sedative"
"204","C1391857","ICPC2ICD10ENG","https://uts-ws.nlm.nih.gov/rest/content/2022AA/CUI/C1391857","sleep disorder; cannabis"
"205","C1386216","ICPC2ICD10ENG","https://uts-ws.nlm.nih.gov/rest/content/2022AA/CUI/C1386216","respiration; sleep disorder"
"206","C1387093","ICPC2ICD10ENG","https://uts-ws.nlm.nih.gov/rest/content/2022AA/CUI/C1387093","sleep disorder; alcohol"
"207","C3176028","LNC","https://uts-ws.nlm.nih.gov/rest/content/2022AA/CUI/C3176028","Describe refreshing sleep"
"208","C3842921","LNC","https://uts-ws.nlm.nih.gov/rest/content/2022AA/CUI/C3842921","Need less sleep"
"209","C4511349","SNOMEDCT_US","https://uts-ws.nlm.nih.gov/rest/content/2022AA/CUI/C4511349","Sleep disorder caused by nicotine"
"210","C1962929","MTH","https://uts-ws.nlm.nih.gov/rest/content/2022AA/CUI/C1962929","SLEEP DISTURBANCES NEC in ICD9CM"
"211","C0231382","SNOMEDCT_US","https://uts-ws.nlm.nih.gov/rest/content/2022AA/CUI/C0231382","Sleep rest pattern finding"
"212","C2911116","ICD10CM","https://uts-ws.nlm.nih.gov/rest/content/2022AA/CUI/C2911116","Bad sleep habits"
"213","C2911117","ICD10CM","https://uts-ws.nlm.nih.gov/rest/content/2022AA/CUI/C2911117","Irregular sleep habits"
"214","C0919582","MDR","https://uts-ws.nlm.nih.gov/rest/content/2022AA/CUI/C0919582","Sudden onset of sleep"
"215","C1154373","GO","https://uts-ws.nlm.nih.gov/rest/content/2022AA/CUI/C1154373","positive regulation of circadian sleep/wake cycle, sleep"
"216","C1154370","GO","https://uts-ws.nlm.nih.gov/rest/content/2022AA/CUI/C1154370","negative regulation of circadian sleep/wake cycle, sleep"
"217","C1154377","GO","https://uts-ws.nlm.nih.gov/rest/content/2022AA/CUI/C1154377","regulation of circadian sleep/wake cycle, REM sleep"
"218","C1455980","MTH","https://uts-ws.nlm.nih.gov/rest/content/2022AA/CUI/C1455980","Encounter due to lack of adequate sleep"
"219","C4062854","NANDA-I","https://uts-ws.nlm.nih.gov/rest/content/2022AA/CUI/C4062854","Shortened sleep time"
"220","C4540920","NANDA-I","https://uts-ws.nlm.nih.gov/rest/content/2022AA/CUI/C4540920","Soft sleep surface"
"221","C4062599","NANDA-I","https://uts-ws.nlm.nih.gov/rest/content/2022AA/CUI/C4062599","Familial sleep paralysis"
"222","C4062617","NANDA-I","https://uts-ws.nlm.nih.gov/rest/content/2022AA/CUI/C4062617","Difficulty initiating sleep"
"223","C4062611","NANDA-I","https://uts-ws.nlm.nih.gov/rest/content/2022AA/CUI/C4062611","Nonrestorative sleep pattern"
"224","C2135957","MEDCIN","https://uts-ws.nlm.nih.gov/rest/content/2022AA/CUI/C2135957","sleep latency on weekends"
"225","C3250005","MEDCIN","https://uts-ws.nlm.nih.gov/rest/content/2022AA/CUI/C3250005","asthma effect on sleep"
"226","C2135956","MEDCIN","https://uts-ws.nlm.nih.gov/rest/content/2022AA/CUI/C2135956","sleep latency on weekdays"
"227","C2029769","MEDCIN","https://uts-ws.nlm.nih.gov/rest/content/2022AA/CUI/C2029769","headache relieved by sleep"
"228","C2133559","MEDCIN","https://uts-ws.nlm.nih.gov/rest/content/2022AA/CUI/C2133559","recent change in sleep"
"229","C4717356","NOC","https://uts-ws.nlm.nih.gov/rest/content/2022AA/CUI/C4717356","Maintains sleep routine"
"230","C4718710","NOC","https://uts-ws.nlm.nih.gov/rest/content/2022AA/CUI/C4718710","Monitors sleep apnea"
"231","C4717314","NOC","https://uts-ws.nlm.nih.gov/rest/content/2022AA/CUI/C4717314","Promotes adequate sleep"
"232","C0516706","NOC","https://uts-ws.nlm.nih.gov/rest/content/2022AA/CUI/C0516706","Reports adequate sleep"
"233","C4717528","NOC","https://uts-ws.nlm.nih.gov/rest/content/2022AA/CUI/C4717528","Monitors sleep patterns"
"234","C4718288","NOC","https://uts-ws.nlm.nih.gov/rest/content/2022AA/CUI/C4718288","Obtains adequate sleep"
"235","C0513842","NIC","https://uts-ws.nlm.nih.gov/rest/content/2022AA/CUI/C0513842","Monitor/record patient's sleep pattern and number of sleep hours"
"236","C0586669","SNOMEDCT_US","https://uts-ws.nlm.nih.gov/rest/content/2022AA/CUI/C0586669","Asthma disturbs sleep frequently"
"237","C0586665","SNOMEDCT_US","https://uts-ws.nlm.nih.gov/rest/content/2022AA/CUI/C0586665","Asthma disturbs sleep weekly"
"238","C0597473","CSP","https://uts-ws.nlm.nih.gov/rest/content/2022AA/CUI/C0597473","sleep regulatory center"
"239","C1154376","GO","https://uts-ws.nlm.nih.gov/rest/content/2022AA/CUI/C1154376","regulation of circadian sleep/wake cycle, non-REM sleep"
"240","C2919123","MTH","https://uts-ws.nlm.nih.gov/rest/content/2022AA/CUI/C2919123","Encounter due to inadequate Sleep Hygiene"
"241","C1561883","SNOMEDCT_US","https://uts-ws.nlm.nih.gov/rest/content/2022AA/CUI/C1561883","Recurrent isolated sleep paralysis"
"242","C1561701","MTH","https://uts-ws.nlm.nih.gov/rest/content/2022AA/CUI/C1561701","Behavioral insomnia of childhood"
"243","C1403734","ICPC2ICD10ENG","https://uts-ws.nlm.nih.gov/rest/content/2022AA/CUI/C1403734","melanoma in situ; sleep"
"244","C3166264","LNC","https://uts-ws.nlm.nih.gov/rest/content/2022AA/CUI/C3166264","Reduced need for sleep"
"245","C0751946","MSH","https://uts-ws.nlm.nih.gov/rest/content/2022AA/CUI/C0751946","Neonatal Sleep Myoclonus, Benign"
"246","C5444981","MTH","https://uts-ws.nlm.nih.gov/rest/content/2022AA/CUI/C5444981","Thinking about your recent sleep pattern: I sleep well"
"247","C4062619","NANDA-I","https://uts-ws.nlm.nih.gov/rest/content/2022AA/CUI/C4062619","Alteration in sleep pattern"
"248","C2911115","MTH","https://uts-ws.nlm.nih.gov/rest/content/2022AA/CUI/C2911115","Encounter due to problems related to sleep"
"249","C1821892","NOC","https://uts-ws.nlm.nih.gov/rest/content/2022AA/CUI/C1821892","Dependence on sleep aids"
"250","C4716440","NOC","https://uts-ws.nlm.nih.gov/rest/content/2022AA/CUI/C4716440","Benefits of adequate sleep"
"251","C4716806","NOC","https://uts-ws.nlm.nih.gov/rest/content/2022AA/CUI/C4716806","Importance of adequate sleep"
"252","C4715434","NOC","https://uts-ws.nlm.nih.gov/rest/content/2022AA/CUI/C4715434","Environment conducive to sleep"
"253","C0518594","NOC","https://uts-ws.nlm.nih.gov/rest/content/2022AA/CUI/C0518594","Observed hours of sleep"
"254","C1444223","SNOMEDCT_US","https://uts-ws.nlm.nih.gov/rest/content/2022AA/CUI/C1444223","Sleep pattern control education"
"255","C1444224","SNOMEDCT_US","https://uts-ws.nlm.nih.gov/rest/content/2022AA/CUI/C1444224","Sleep pattern control management"
"256","C4551735","MTH","https://uts-ws.nlm.nih.gov/rest/content/2022AA/CUI/C4551735","Problem with Sleep"
"257","C5444982","MTH","https://uts-ws.nlm.nih.gov/rest/content/2022AA/CUI/C5444982","Thinking about your recent sleep pattern: I sleep well:Find:Pt:^Patient:Ord"
"258","C1960519","SNOMEDCT_US","https://uts-ws.nlm.nih.gov/rest/content/2022AA/CUI/C1960519","Sleep-onset association disorder"
"259","C4237563","DSM-5","https://uts-ws.nlm.nih.gov/rest/content/2022AA/CUI/C4237563","Tobacco-induced sleep disorder"
"260","C3704075","CPT","https://uts-ws.nlm.nih.gov/rest/content/2022AA/CUI/C3704075","Sleep monitoring of patient in sleep lab"
"261","C0586663","SNOMEDCT_US","https://uts-ws.nlm.nih.gov/rest/content/2022AA/CUI/C0586663","Asthma never disturbs sleep"
"262","C1821364","NOC","https://uts-ws.nlm.nih.gov/rest/content/2022AA/CUI/C1821364","Positions on back for sleep"
"263","C0587115","SNOMEDCT_US","https://uts-ws.nlm.nih.gov/rest/content/2022AA/CUI/C0587115","Before sleeping"
"264","C3472696","SNOMEDCT_US","https://uts-ws.nlm.nih.gov/rest/content/2022AA/CUI/C3472696","Obstructive sleep apnea of adult"
"265","C5547377","SNOMEDCT_US","https://uts-ws.nlm.nih.gov/rest/content/2022AA/CUI/C5547377","Education of family about sleep"
"266","C1325877","GO","https://uts-ws.nlm.nih.gov/rest/content/2022AA/CUI/C1325877","circadian sleep/wake cycle, REM sleep"
"267","C0231311","MTH","https://uts-ws.nlm.nih.gov/rest/content/2022AA/CUI/C0231311","Jet Lag Syndrome"
"268","C0599396","MSH","https://uts-ws.nlm.nih.gov/rest/content/2022AA/CUI/C0599396","Sleeping Pills"
"269","C0587114","SNOMEDCT_US","https://uts-ws.nlm.nih.gov/rest/content/2022AA/CUI/C0587114","Temporal periods relating to sleep"
"270","C4545063","SNOMEDCT_US","https://uts-ws.nlm.nih.gov/rest/content/2022AA/CUI/C4545063","Sleep disorder caused by synthetic cannabinoid"
"271","C4511564","SNOMEDCT_US","https://uts-ws.nlm.nih.gov/rest/content/2022AA/CUI/C4511564","Sleep disorder caused by psychoactive substance"
"272","C3661545","SNOMEDCT_US","https://uts-ws.nlm.nih.gov/rest/content/2022AA/CUI/C3661545","Organic mixed sleep disorder"
"273","C3696876","SNOMEDCT_US","https://uts-ws.nlm.nih.gov/rest/content/2022AA/CUI/C3696876","Education about sleep position"
"274","C1997983","SNOMEDCT_US","https://uts-ws.nlm.nih.gov/rest/content/2022AA/CUI/C1997983","Pain onset during sleep"
"275","C3665341","MEDCIN","https://uts-ws.nlm.nih.gov/rest/content/2022AA/CUI/C3665341","organic circadian rhythm sleep disorder, advanced sleep phase type"
"276","C3694163","MEDCIN","https://uts-ws.nlm.nih.gov/rest/content/2022AA/CUI/C3694163","nonorganic circadian rhythm sleep disorder, advanced sleep phase type"
"277","C3694162","MEDCIN","https://uts-ws.nlm.nih.gov/rest/content/2022AA/CUI/C3694162","nonorganic circadian rhythm sleep disorder, delayed sleep phase type"
"278","C3499372","MTH","https://uts-ws.nlm.nih.gov/rest/content/2022AA/CUI/C3499372","nonorganic circadian rhythm sleep disorder"
"279","C3499361","MTH","https://uts-ws.nlm.nih.gov/rest/content/2022AA/CUI/C3499361","organic circadian rhythm sleep disorder"
"280","C3517190","CPT","https://uts-ws.nlm.nih.gov/rest/content/2022AA/CUI/C3517190","Diagnostic test for sleep disorder"
"281","C2133558","MSH","https://uts-ws.nlm.nih.gov/rest/content/2022AA/CUI/C2133558","Sleeping Habits"
"282","C2911118","MEDCIN","https://uts-ws.nlm.nih.gov/rest/content/2022AA/CUI/C2911118","unhealthy sleep-wake schedule"
"283","C5419964","NCI","https://uts-ws.nlm.nih.gov/rest/content/2022AA/CUI/C5419964","Never Affects Sleep"
"284","C0751249","MSH","https://uts-ws.nlm.nih.gov/rest/content/2022AA/CUI/C0751249","Chronic Insomnia"
"285","C0074665","MSH","https://uts-ws.nlm.nih.gov/rest/content/2022AA/CUI/C0074665","sleep-promoting factor B"
"286","C4237224","ICD10CM","https://uts-ws.nlm.nih.gov/rest/content/2022AA/CUI/C4237224","Non-rapid eye movement sleep arousal disorders, sleep terror type"
"287","C0472827","SNOMEDCT_US","https://uts-ws.nlm.nih.gov/rest/content/2022AA/CUI/C0472827","Insertion of appliance for sleep apnea"
"288","C0200102","SNOMEDCT_US","https://uts-ws.nlm.nih.gov/rest/content/2022AA/CUI/C0200102","Sleep electroencephalogram, all night"
"289","C5444383","MTH","https://uts-ws.nlm.nih.gov/rest/content/2022AA/CUI/C5444383","Taking medicine for sleep or mood"
"290","C1643220","SNOMEDCT_US","https://uts-ws.nlm.nih.gov/rest/content/2022AA/CUI/C1643220","Finding related to sleep walking"
"291","C4304308","SNOMEDCT_US","https://uts-ws.nlm.nih.gov/rest/content/2022AA/CUI/C4304308","Glaucoma and sleep apnea syndrome"
"292","C2919628","SNOMEDCT_US","https://uts-ws.nlm.nih.gov/rest/content/2022AA/CUI/C2919628","Berlin questionnaire for sleep apnea"
"293","C2919187","SNOMEDCT_US","https://uts-ws.nlm.nih.gov/rest/content/2022AA/CUI/C2919187","Periodic leg movements of sleep"
"294","C3698552","SNOMEDCT_US","https://uts-ws.nlm.nih.gov/rest/content/2022AA/CUI/C3698552","Referral to sleep apnea clinic"
"295","C3472692","SNOMEDCT_US","https://uts-ws.nlm.nih.gov/rest/content/2022AA/CUI/C3472692","Obstructive sleep apnea of child"
"296","C5396578","SNOMEDCT_US","https://uts-ws.nlm.nih.gov/rest/content/2022AA/CUI/C5396578","Neurostimulation therapy for sleep apnea"
"297","C2315516","SNOMEDCT_US","https://uts-ws.nlm.nih.gov/rest/content/2022AA/CUI/C2315516","Family history of sleep apnea"
"298","C5230298","SNOMEDCT_US","https://uts-ws.nlm.nih.gov/rest/content/2022AA/CUI/C5230298","Treatment-emergent central sleep apnea"
"299","C4518816","SNOMEDCT_US","https://uts-ws.nlm.nih.gov/rest/content/2022AA/CUI/C4518816","Not easily wakened from sleep"
"300","C5230267","SNOMEDCT_US","https://uts-ws.nlm.nih.gov/rest/content/2022AA/CUI/C5230267","Propriospinal myoclonus at sleep onset"
"301","C0858972","CHV","https://uts-ws.nlm.nih.gov/rest/content/2022AA/CUI/C0858972","sleeping baby"
"302","C4272820","MEDCIN","https://uts-ws.nlm.nih.gov/rest/content/2022AA/CUI/C4272820","programming of implantable neurostimulator for central sleep apnea during sleep study"
"303","C0852566","MDR","https://uts-ws.nlm.nih.gov/rest/content/2022AA/CUI/C0852566","Sleep phase rhythm disturbances"
"304","C4075948","SNOMEDCT_US","https://uts-ws.nlm.nih.gov/rest/content/2022AA/CUI/C4075948","Sleeps during day"
"305","C5562969","OMIM","https://uts-ws.nlm.nih.gov/rest/content/2022AA/CUI/C5562969","Obstructive sleep apnea, severe"
"306","C2078973","MEDCIN","https://uts-ws.nlm.nih.gov/rest/content/2022AA/CUI/C2078973","involuntary movements during sleep"
"307","C2227330","MEDCIN","https://uts-ws.nlm.nih.gov/rest/content/2022AA/CUI/C2227330","sleep assessment early insomnia"
"308","C5560114","MEDCIN","https://uts-ws.nlm.nih.gov/rest/content/2022AA/CUI/C5560114","custom sleep apnea appliance"
"309","C4735757","MEDCIN","https://uts-ws.nlm.nih.gov/rest/content/2022AA/CUI/C4735757","anticipatory guidance: sleep location"
"310","C5389188","MEDCIN","https://uts-ws.nlm.nih.gov/rest/content/2022AA/CUI/C5389188","sleep medicine consultation note"
"311","C2206390","MEDCIN","https://uts-ws.nlm.nih.gov/rest/content/2022AA/CUI/C2206390","electroencephalogram technique sleep deprived"
"312","C2206426","MEDCIN","https://uts-ws.nlm.nih.gov/rest/content/2022AA/CUI/C2206426","electroencephalogram asleep sleep spindles"
"313","C2013985","MEDCIN","https://uts-ws.nlm.nih.gov/rest/content/2022AA/CUI/C2013985","organic obstructive sleep apnea"
"314","C3250955","MEDCIN","https://uts-ws.nlm.nih.gov/rest/content/2022AA/CUI/C3250955","parent education: adequate sleep"
"315","C3469076","MEDCIN","https://uts-ws.nlm.nih.gov/rest/content/2022AA/CUI/C3469076","patient complaints: interrupted sleep"
"316","C2227332","MEDCIN","https://uts-ws.nlm.nih.gov/rest/content/2022AA/CUI/C2227332","sleep assessment terminal insomnia"
"317","C2230137","MEDCIN","https://uts-ws.nlm.nih.gov/rest/content/2022AA/CUI/C2230137","apnea during sleep only"
"318","C2227331","MEDCIN","https://uts-ws.nlm.nih.gov/rest/content/2022AA/CUI/C2227331","sleep assessment middle insomnia"
"319","C2126995","MEDCIN","https://uts-ws.nlm.nih.gov/rest/content/2022AA/CUI/C2126995","restless movements during sleep"
"320","C2021550","MEDCIN","https://uts-ws.nlm.nih.gov/rest/content/2022AA/CUI/C2021550","electroencephalogram during sleep only"
"321","C4237227","ICD10CM","https://uts-ws.nlm.nih.gov/rest/content/2022AA/CUI/C4237227","Obstructive sleep apnea hypopnea"
"322","C1561890","SNOMEDCT_US","https://uts-ws.nlm.nih.gov/rest/content/2022AA/CUI/C1561890","Organic sleep related movement disorder"
"323","C2249851","GO","https://uts-ws.nlm.nih.gov/rest/content/2022AA/CUI/C2249851","stimulation of circadian sleep/wake cycle, sleep"
"324","C2248179","GO","https://uts-ws.nlm.nih.gov/rest/content/2022AA/CUI/C2248179","inhibition of circadian sleep/wake cycle, sleep"
"325","C2249850","GO","https://uts-ws.nlm.nih.gov/rest/content/2022AA/CUI/C2249850","activation of circadian sleep/wake cycle, sleep"
"326","C1325876","GO","https://uts-ws.nlm.nih.gov/rest/content/2022AA/CUI/C1325876","circadian sleep/wake cycle, non-REM sleep"
"327","C5444382","MTH","https://uts-ws.nlm.nih.gov/rest/content/2022AA/CUI/C5444382","Taking medicine for sleep or mood:Find:Pt:^Patient:Ord"
"328","C0154566","MTH","https://uts-ws.nlm.nih.gov/rest/content/2022AA/CUI/C0154566","Transient disorder of initiating or maintaining sleep"
"329","C1154372","GO","https://uts-ws.nlm.nih.gov/rest/content/2022AA/CUI/C1154372","negative regulation of circadian sleep/wake cycle, REM sleep"
"330","C1154375","GO","https://uts-ws.nlm.nih.gov/rest/content/2022AA/CUI/C1154375","positive regulation of circadian sleep/wake cycle, REM sleep"
"331","C1287568","SNOMEDCT_US","https://uts-ws.nlm.nih.gov/rest/content/2022AA/CUI/C1287568","Finding related to ability to sleep"
"332","C5547003","SNOMEDCT_US","https://uts-ws.nlm.nih.gov/rest/content/2022AA/CUI/C5547003","Evaluation of sleep pattern using actigraphy"
"333","C4546272","SNOMEDCT_US","https://uts-ws.nlm.nih.gov/rest/content/2022AA/CUI/C4546272","Sleep disorder caused by synthetic cathinone"
"334","C0752286","MTH","https://uts-ws.nlm.nih.gov/rest/content/2022AA/CUI/C0752286","Sleep State Misperception"
"335","C5444979","MTH","https://uts-ws.nlm.nih.gov/rest/content/2022AA/CUI/C5444979","Thinking about your recent sleep pattern: I go to sleep at the same time"
"336","C1398382","ICPC2ICD10ENG","https://uts-ws.nlm.nih.gov/rest/content/2022AA/CUI/C1398382","sleep disorder; mixed type"
"337","C1390567","ICPC2ICD10ENG","https://uts-ws.nlm.nih.gov/rest/content/2022AA/CUI/C1390567","sleep disorder; excessive somnolence"
"338","C1405592","ICPC2ICD10ENG","https://uts-ws.nlm.nih.gov/rest/content/2022AA/CUI/C1405592","sleep disorder; psychoactive substance"
"339","C1456494","ICPC2ICD10ENG","https://uts-ws.nlm.nih.gov/rest/content/2022AA/CUI/C1456494","sleep disorder; insomnia type"
"340","C1409199","ICPC2ICD10ENG","https://uts-ws.nlm.nih.gov/rest/content/2022AA/CUI/C1409199","sleep disorder; parasomnia type"
"341","C0855254","MDR","https://uts-ws.nlm.nih.gov/rest/content/2022AA/CUI/C0855254","Shift-work related sleep disturbance"
"342","C3174344","LNC","https://uts-ws.nlm.nih.gov/rest/content/2022AA/CUI/C3174344","I didn't sleep as well as I usually sleep:Find:Pt:^Patient:Ord:CES-DC"
"343","C5204681","NCI","https://uts-ws.nlm.nih.gov/rest/content/2022AA/CUI/C5204681","No Steady Place to Sleep at Night"
"344","C0476212","SNOMEDCT_US","https://uts-ws.nlm.nih.gov/rest/content/2022AA/CUI/C0476212","Sleep dysfunction with arousal disturbance"
"345","C4509118","ICD10CM","https://uts-ws.nlm.nih.gov/rest/content/2022AA/CUI/C4509118","Idiopathic central sleep apnea"
"346","C1561869","ICD9CM","https://uts-ws.nlm.nih.gov/rest/content/2022AA/CUI/C1561869","Other organic sleep apnea"
"347","C1561891","ICD9CM","https://uts-ws.nlm.nih.gov/rest/content/2022AA/CUI/C1561891","Other organic sleep disorders"
"348","C5232971","OMIM","https://uts-ws.nlm.nih.gov/rest/content/2022AA/CUI/C5232971","Poor sleep initiation and maintenance"
"349","C5552369","MTH","https://uts-ws.nlm.nih.gov/rest/content/2022AA/CUI/C5552369","Satisfaction with sleep in last 2W:Find:2W:^Patient:Ord"
"350","C2958392","MEDCIN","https://uts-ws.nlm.nih.gov/rest/content/2022AA/CUI/C2958392","rnax monitor sleep pattern control"
"351","C2054158","MEDCIN","https://uts-ws.nlm.nih.gov/rest/content/2022AA/CUI/C2054158","taking medication to help sleep"
"352","C5444980","MTH","https://uts-ws.nlm.nih.gov/rest/content/2022AA/CUI/C5444980","Thinking about your recent sleep pattern: I go to sleep at the same time:Find:Pt:^Patient:Ord"
"353","C2181624","MEDCIN","https://uts-ws.nlm.nih.gov/rest/content/2022AA/CUI/C2181624","sleep study attended by technologist"
"354","C2114571","MEDCIN","https://uts-ws.nlm.nih.gov/rest/content/2022AA/CUI/C2114571","primary insomnia with sleep apnea"
"355","C2922471","MEDCIN","https://uts-ws.nlm.nih.gov/rest/content/2022AA/CUI/C2922471","rnax coordinate uninterrupted sleep cycles"
"356","C3694173","MEDCIN","https://uts-ws.nlm.nih.gov/rest/content/2022AA/CUI/C3694173","noncompliance with obtaining adequate sleep"
"357","C4737770","MEDCIN","https://uts-ws.nlm.nih.gov/rest/content/2022AA/CUI/C4737770","sleep disorder due to methamphetamine"
"358","C2114567","MEDCIN","https://uts-ws.nlm.nih.gov/rest/content/2022AA/CUI/C2114567","primary hypersomnia with sleep apnea"
"359","C1154374","GO","https://uts-ws.nlm.nih.gov/rest/content/2022AA/CUI/C1154374","positive regulation of circadian sleep/wake cycle, non-REM sleep"
"360","C1154371","GO","https://uts-ws.nlm.nih.gov/rest/content/2022AA/CUI/C1154371","negative regulation of circadian sleep/wake cycle, non-REM sleep"
"361","C3693643","MEDCIN","https://uts-ws.nlm.nih.gov/rest/content/2022AA/CUI/C3693643","PROMIS-29 questionnaire sleep disturbance"
"362","C3244209","HL7V3.0","https://uts-ws.nlm.nih.gov/rest/content/2022AA/CUI/C3244209","certified sleep disorders care"
"363","C3173278","LNC","https://uts-ws.nlm.nih.gov/rest/content/2022AA/CUI/C3173278","Has your child ever walked during sleep - sleep walking:Find:Pt:^Patient:Ord:PhenX"
"364","C5552370","MTH","https://uts-ws.nlm.nih.gov/rest/content/2022AA/CUI/C5552370","Satisfaction with sleep in last 2 weeks"
"365","C4062593","NANDA-I","https://uts-ws.nlm.nih.gov/rest/content/2022AA/CUI/C4062593","Sustained inadequate sleep hygiene"
"366","C4062616","NANDA-I","https://uts-ws.nlm.nih.gov/rest/content/2022AA/CUI/C4062616","Difficulty maintaining sleep state"
"367","C4237507","DSM-5","https://uts-ws.nlm.nih.gov/rest/content/2022AA/CUI/C4237507","Central sleep apnea, Central sleep apnea comorbid with opioid use"
"368","C4717842","NOC","https://uts-ws.nlm.nih.gov/rest/content/2022AA/CUI/C4717842","Maintains healthy sleep routine"
"369","C4717334","NOC","https://uts-ws.nlm.nih.gov/rest/content/2022AA/CUI/C4717334","Maintains safe sleep environment"
"370","C1858496","MSH","https://uts-ws.nlm.nih.gov/rest/content/2022AA/CUI/C1858496","Advanced Sleep-Phase Syndrome, Familial"
"371","C0852561","MDR","https://uts-ws.nlm.nih.gov/rest/content/2022AA/CUI/C0852561","Disturbances in initiating and maintaining sleep"
"372","C2370871","ICF","https://uts-ws.nlm.nih.gov/rest/content/2022AA/CUI/C2370871","Functions involving the sleep cycle"
"373","C3173279","LNC","https://uts-ws.nlm.nih.gov/rest/content/2022AA/CUI/C3173279","Has your child ever walked during sleep - sleep walking"
"374","C5539920","CDT","https://uts-ws.nlm.nih.gov/rest/content/2022AA/CUI/C5539920","adjustment of custom sleep apnea appliance"
"375","C5539921","CDT","https://uts-ws.nlm.nih.gov/rest/content/2022AA/CUI/C5539921","repair of custom sleep apnea appliance"
"376","C0510922","NIC","https://uts-ws.nlm.nih.gov/rest/content/2022AA/CUI/C0510922","Encourage use of sleep medications that do not contain REM sleep suppressor(s)"
"377","C4027704","MEDCIN","https://uts-ws.nlm.nih.gov/rest/content/2022AA/CUI/C4027704","rnax nursing therapy actions for sleep"
"378","C2366935","MEDCIN","https://uts-ws.nlm.nih.gov/rest/content/2022AA/CUI/C2366935","convulsions triggered by lack of sleep"
"379","C2046862","MEDCIN","https://uts-ws.nlm.nih.gov/rest/content/2022AA/CUI/C2046862","home care visit for sleep studies"
"380","C2922451","MEDCIN","https://uts-ws.nlm.nih.gov/rest/content/2022AA/CUI/C2922451","rnax explain environment conducive to sleep"
"381","C2114247","MEDCIN","https://uts-ws.nlm.nih.gov/rest/content/2022AA/CUI/C2114247","pre-procedure checklist location sleep lab"
"382","C2198799","MEDCIN","https://uts-ws.nlm.nih.gov/rest/content/2022AA/CUI/C2198799","disruption of 24-hour sleep cycle"
"383","C3176527","LNC","https://uts-ws.nlm.nih.gov/rest/content/2022AA/CUI/C3176527","Appetite or sleep change notes"
"384","C3174271","LNC","https://uts-ws.nlm.nih.gov/rest/content/2022AA/CUI/C3174271","Date the sleep disorder started"
"385","C0393772","SNOMEDCT_US","https://uts-ws.nlm.nih.gov/rest/content/2022AA/CUI/C0393772","Non-24 hour sleep-wake cycle"
"386","C3843045","LNC","https://uts-ws.nlm.nih.gov/rest/content/2022AA/CUI/C3843045","Concerns or worries about sleep"
"387","C3494952","SNOMEDCT_US","https://uts-ws.nlm.nih.gov/rest/content/2022AA/CUI/C3494952","Cramp in lower limb associated with sleep"
"388","C2977486","ICD10CM","https://uts-ws.nlm.nih.gov/rest/content/2022AA/CUI/C2977486","Central sleep apnea of newborn"
"389","C2977487","ICD10CM","https://uts-ws.nlm.nih.gov/rest/content/2022AA/CUI/C2977487","Obstructive sleep apnea of newborn"
"390","C1561815","ICD9CM","https://uts-ws.nlm.nih.gov/rest/content/2022AA/CUI/C1561815","Hypersomnia with sleep apnea, unspecified"
"391","C1561813","ICD9CM","https://uts-ws.nlm.nih.gov/rest/content/2022AA/CUI/C1561813","Insomnia with sleep apnea, unspecified"
"392","C4546123","SNOMEDCT_US","https://uts-ws.nlm.nih.gov/rest/content/2022AA/CUI/C4546123","Sleep disorder caused by stimulant"
"393","C3173280","LNC","https://uts-ws.nlm.nih.gov/rest/content/2022AA/CUI/C3173280","Have you ever heard your child talk during sleep - sleep talking:Find:Pt:^Patient:Ord:PhenX"
"394","C0020681","MTH","https://uts-ws.nlm.nih.gov/rest/content/2022AA/CUI/C0020681","Sleep-related respiratory failure"
"395","C4062602","NANDA-I","https://uts-ws.nlm.nih.gov/rest/content/2022AA/CUI/C4062602","Age-related sleep stage shifts"
"396","C4062592","NANDA-I","https://uts-ws.nlm.nih.gov/rest/content/2022AA/CUI/C4062592","Expresses desire to enhance sleep"
"397","C4062588","NANDA-I","https://uts-ws.nlm.nih.gov/rest/content/2022AA/CUI/C4062588","Disruption caused by sleep partner"
"398","C0518595","MTH","https://uts-ws.nlm.nih.gov/rest/content/2022AA/CUI/C0518595","Sleep Efficiency"
"399","C0518598","NOC","https://uts-ws.nlm.nih.gov/rest/content/2022AA/CUI/C0518598","Feelings of rejuvenation after sleep"
"400","C4718373","NOC","https://uts-ws.nlm.nih.gov/rest/content/2022AA/CUI/C4718373","Uses strategies to promote sleep"
"401","C4717734","NOC","https://uts-ws.nlm.nih.gov/rest/content/2022AA/CUI/C4717734","Uses strategies to facilitate sleep"
"402","C4718265","NOC","https://uts-ws.nlm.nih.gov/rest/content/2022AA/CUI/C4718265","Seeks to promote restful sleep"
"403","C4715322","NOC","https://uts-ws.nlm.nih.gov/rest/content/2022AA/CUI/C4715322","Exhibits a nocturnal sleep pattern"
"404","C0868777","MTH","https://uts-ws.nlm.nih.gov/rest/content/2022AA/CUI/C0868777","Persistent disorder of initiating or maintaining sleep"
"405","C2711059","SNOMEDCT_US","https://uts-ws.nlm.nih.gov/rest/content/2022AA/CUI/C2711059","Idiopathic hypersomnia associated with long sleep time"
"406","C0429291","SNOMEDCT_US","https://uts-ws.nlm.nih.gov/rest/content/2022AA/CUI/C0429291","Small sharp transients during sleep"
"407","C2922450","MEDCIN","https://uts-ws.nlm.nih.gov/rest/content/2022AA/CUI/C2922450","rnax instruct in activities to promote sleep"
"408","C3174273","LNC","https://uts-ws.nlm.nih.gov/rest/content/2022AA/CUI/C3174273","Is the sleep disorder still present"
"409","C3174270","LNC","https://uts-ws.nlm.nih.gov/rest/content/2022AA/CUI/C3174270","Date the sleep disorder started:Date:Pt:^Patient:Qn:PhenX"
"410","C2732337","SNOMEDCT_US","https://uts-ws.nlm.nih.gov/rest/content/2022AA/CUI/C2732337","Sleep hypoventilation"
"411","C3267176","MDR","https://uts-ws.nlm.nih.gov/rest/content/2022AA/CUI/C3267176","Hypnagogic paralysis"
"412","C0393774","MTH","https://uts-ws.nlm.nih.gov/rest/content/2022AA/CUI/C0393774","Sleep-Related Bruxism"
"413","C3642231","NCI","https://uts-ws.nlm.nih.gov/rest/content/2022AA/CUI/C3642231","Disturbed Sleep at its Worst"
"414","C4330194","NCI","https://uts-ws.nlm.nih.gov/rest/content/2022AA/CUI/C4330194","Hard to Sleep Through Night"
"415","C3897008","NCI","https://uts-ws.nlm.nih.gov/rest/content/2022AA/CUI/C3897008","Need to Sleep During Day"
"416","C4302334","SNOMEDCT_US","https://uts-ws.nlm.nih.gov/rest/content/2022AA/CUI/C4302334","Somnambulism co-occurrent with sleep terror disorder"
"417","C0424281","SNOMEDCT_US","https://uts-ws.nlm.nih.gov/rest/content/2022AA/CUI/C0424281","Unresponsive to communication while sleep walking"
"418","C0393767","SNOMEDCT_US","https://uts-ws.nlm.nih.gov/rest/content/2022AA/CUI/C0393767","Excessive daytime sleepiness with sleep paralysis"
"419","C0472826","SNOMEDCT_US","https://uts-ws.nlm.nih.gov/rest/content/2022AA/CUI/C0472826","Take impression for sleep apnea appliance"
"420","C0424282","SNOMEDCT_US","https://uts-ws.nlm.nih.gov/rest/content/2022AA/CUI/C0424282","Not easily wakened from sleep walking"
"421","C0393713","SNOMEDCT_US","https://uts-ws.nlm.nih.gov/rest/content/2022AA/CUI/C0393713","Epilepsy with continuous spike wave during slow-wave sleep"
"422","C1561880","SNOMEDCT_US","https://uts-ws.nlm.nih.gov/rest/content/2022AA/CUI/C1561880","Organic sleep-wake cycle disorder"
"423","C0430630","MTH","https://uts-ws.nlm.nih.gov/rest/content/2022AA/CUI/C0430630","Overnight pulse oximetry"
"424","C1406364","ICPC2ICD10ENG","https://uts-ws.nlm.nih.gov/rest/content/2022AA/CUI/C1406364","sleep; rhythm, inversion, nonorganic origin"
"425","C0177815","ICD10AM","https://uts-ws.nlm.nih.gov/rest/content/2022AA/CUI/C0177815","Other sleep disorder function tests"
"426","C0396283","SNOMEDCT_US","https://uts-ws.nlm.nih.gov/rest/content/2022AA/CUI/C0396283","Sleep nasendoscopy"
"427","C3174272","LNC","https://uts-ws.nlm.nih.gov/rest/content/2022AA/CUI/C3174272","Is the sleep disorder still present:Find:Pt:^Patient:Ord:PhenX"
"428","C5202774","MTH","https://uts-ws.nlm.nih.gov/rest/content/2022AA/CUI/C5202774","Sleep Diary"
"429","C3662033","SNOMEDCT_US","https://uts-ws.nlm.nih.gov/rest/content/2022AA/CUI/C3662033","Drug induced central sleep apnea"
"430","C4511583","SNOMEDCT_US","https://uts-ws.nlm.nih.gov/rest/content/2022AA/CUI/C4511583","Severe pediatric obstructive sleep apnea"
"431","C2585807","SNOMEDCT_US","https://uts-ws.nlm.nih.gov/rest/content/2022AA/CUI/C2585807","Education about sleep hygiene behavior"
"432","C3875850","SNOMEDCT_US","https://uts-ws.nlm.nih.gov/rest/content/2022AA/CUI/C3875850","Implantable sleep apnea treatment system"
"433","C2250004","GO","https://uts-ws.nlm.nih.gov/rest/content/2022AA/CUI/C2250004","activation of circadian sleep/wake cycle, REM sleep"
"434","C2248181","GO","https://uts-ws.nlm.nih.gov/rest/content/2022AA/CUI/C2248181","inhibition of circadian sleep/wake cycle, REM sleep"
"435","C2250005","GO","https://uts-ws.nlm.nih.gov/rest/content/2022AA/CUI/C2250005","stimulation of circadian sleep/wake cycle, REM sleep"
"436","C3176074","LNC","https://uts-ws.nlm.nih.gov/rest/content/2022AA/CUI/C3176074","Do you ever move so much during your sleep that you accidentally hit your bed partner, if any, or hurt yourself?:Find:Pt:^Patient:Ord:PhenX"
"437","C1549046","HL7V2.5","https://uts-ws.nlm.nih.gov/rest/content/2022AA/CUI/C1549046","between dinner and the hour of sleep"
"438","C1549042","HL7V2.5","https://uts-ws.nlm.nih.gov/rest/content/2022AA/CUI/C1549042","the hour of sleep (e.g., H18-22)"
"439","C0513029","NIC","https://uts-ws.nlm.nih.gov/rest/content/2022AA/CUI/C0513029","Monitor changes in sleep patterns, as appropriate"
"440","C3693952","MEDCIN","https://uts-ws.nlm.nih.gov/rest/content/2022AA/CUI/C3693952","nursing goals sleep / rest"
"441","C0548813","PCDS","https://uts-ws.nlm.nih.gov/rest/content/2022AA/CUI/C0548813","Potential for sleep or rest disturbance"
"442","C4053911","NCI","https://uts-ws.nlm.nih.gov/rest/content/2022AA/CUI/C4053911","Try Hard to Get to Sleep"
"443","C1319397","SNOMEDCT_US","https://uts-ws.nlm.nih.gov/rest/content/2022AA/CUI/C1319397","Recommendation to caregiver regarding child's sleep"
"444","C2711232","SNOMEDCT_US","https://uts-ws.nlm.nih.gov/rest/content/2022AA/CUI/C2711232","Idiopathic sleep related non-obstructive alveolar hypoventilation"
"445","C4304208","SNOMEDCT_US","https://uts-ws.nlm.nih.gov/rest/content/2022AA/CUI/C4304208","Home-use sleep apnea recording system"
"446","C4510838","SNOMEDCT_US","https://uts-ws.nlm.nih.gov/rest/content/2022AA/CUI/C4510838","Central sleep apnea caused by substance"
"447","C5230266","SNOMEDCT_US","https://uts-ws.nlm.nih.gov/rest/content/2022AA/CUI/C5230266","Primary central sleep apnea of prematurity"
"448","C3876122","SNOMEDCT_US","https://uts-ws.nlm.nih.gov/rest/content/2022AA/CUI/C3876122","Tongue-adjustment sleep apnea treatment system"
"449","C1561879","ICD10CM","https://uts-ws.nlm.nih.gov/rest/content/2022AA/CUI/C1561879","Other circadian rhythm sleep disorder"
"450","C1843643","HPO","https://uts-ws.nlm.nih.gov/rest/content/2022AA/CUI/C1843643","Nocturnal hypoventilation"
"451","C1561837","MEDCIN","https://uts-ws.nlm.nih.gov/rest/content/2022AA/CUI/C1561837","drug-induced circadian rhythm sleep disorder"
"452","C1561833","MEDCIN","https://uts-ws.nlm.nih.gov/rest/content/2022AA/CUI/C1561833","alcohol-induced circadian rhythm sleep disorder"
"453","C3174938","LNC","https://uts-ws.nlm.nih.gov/rest/content/2022AA/CUI/C3174938","Do you sleep with your contact lenses in:Find:Pt:^Patient:Ord:PhenX"
"454","C4285910","MDR","https://uts-ws.nlm.nih.gov/rest/content/2022AA/CUI/C4285910","Obstructive sleep apnea hypopnea syndrome"
"455","C4524237","MDR","https://uts-ws.nlm.nih.gov/rest/content/2022AA/CUI/C4524237","Irregular sleep wake rhythm disorder"
"456","C4760954","MDR","https://uts-ws.nlm.nih.gov/rest/content/2022AA/CUI/C4760954","Behavioural induced insufficient sleep syndrome"
"457","C1536177","MDR","https://uts-ws.nlm.nih.gov/rest/content/2022AA/CUI/C1536177","Multiple sleep latency test abnormal"
"458","C1834373","OMIM","https://uts-ws.nlm.nih.gov/rest/content/2022AA/CUI/C1834373","Sleep paralysis at beginning or end of sleep period"
"459","C0236732","SNOMEDCT_US","https://uts-ws.nlm.nih.gov/rest/content/2022AA/CUI/C0236732","Sedative, hypnotic AND/OR anxiolytic-induced sleep disorder"
"460","C3279431","OMIM","https://uts-ws.nlm.nih.gov/rest/content/2022AA/CUI/C3279431","Abnormal EEG activity during sleep"
"461","C1561855","SNOMEDCT_US","https://uts-ws.nlm.nih.gov/rest/content/2022AA/CUI/C1561855","Idiopathic hypersomnia without long sleep time"
"462","C2108382","MEDCIN","https://uts-ws.nlm.nih.gov/rest/content/2022AA/CUI/C2108382","itching causing awakening from sleep"
"463","C2138214","MEDCIN","https://uts-ws.nlm.nih.gov/rest/content/2022AA/CUI/C2138214","cough causes awakening from sleep"
"464","C2168237","MEDCIN","https://uts-ws.nlm.nih.gov/rest/content/2022AA/CUI/C2168237","legs feel restless disturbing sleep"
"465","C2013981","MEDCIN","https://uts-ws.nlm.nih.gov/rest/content/2022AA/CUI/C2013981","organic recurrent isolated sleep paralysis"
"466","C2029704","MEDCIN","https://uts-ws.nlm.nih.gov/rest/content/2022AA/CUI/C2029704","headache causes awakening from sleep"
"467","C2013987","MEDCIN","https://uts-ws.nlm.nih.gov/rest/content/2022AA/CUI/C2013987","organic pediatric obstructive sleep apnea"
"468","C2063844","MEDCIN","https://uts-ws.nlm.nih.gov/rest/content/2022AA/CUI/C2063844","nonorganic REM sleep behavior syndrome"
"469","C2206428","MEDCIN","https://uts-ws.nlm.nih.gov/rest/content/2022AA/CUI/C2206428","electroencephalogram asleep sleep spindles asymmetry"
"470","C5427949","MEDCIN","https://uts-ws.nlm.nih.gov/rest/content/2022AA/CUI/C5427949","sleep medicine telehealth consultation note"
"471","C2013986","MEDCIN","https://uts-ws.nlm.nih.gov/rest/content/2022AA/CUI/C2013986","organic adult obstructive sleep apnea"
"472","C2021554","MEDCIN","https://uts-ws.nlm.nih.gov/rest/content/2022AA/CUI/C2021554","electroencephalogram all night sleep only"
"473","C4555214","MTH","https://uts-ws.nlm.nih.gov/rest/content/2022AA/CUI/C4555214","Sleep Apnea, CTCAE"
"474","C3692637","RXNORM","https://uts-ws.nlm.nih.gov/rest/content/2022AA/CUI/C3692637","Z-Sleep"
"475","C2874434","MEDCIN","https://uts-ws.nlm.nih.gov/rest/content/2022AA/CUI/C2874434","Opioid abuse with opioid-induced sleep disorder"
"476","C2874380","MEDCIN","https://uts-ws.nlm.nih.gov/rest/content/2022AA/CUI/C2874380","Alcohol abuse with alcohol-induced sleep disorder"
"477","C2874402","MEDCIN","https://uts-ws.nlm.nih.gov/rest/content/2022AA/CUI/C2874402","Alcohol dependence with alcohol-induced sleep disorder"
"478","C2874450","MEDCIN","https://uts-ws.nlm.nih.gov/rest/content/2022AA/CUI/C2874450","Opioid dependence with opioid-induced sleep disorder"
"479","C2874587","MEDCIN","https://uts-ws.nlm.nih.gov/rest/content/2022AA/CUI/C2874587","Cocaine abuse with cocaine-induced sleep disorder"
"480","C2874604","MEDCIN","https://uts-ws.nlm.nih.gov/rest/content/2022AA/CUI/C2874604","Cocaine dependence with cocaine-induced sleep disorder"
"481","C0349255","MSH","https://uts-ws.nlm.nih.gov/rest/content/2022AA/CUI/C0349255","Nonorganic Insomnia"
"482","C5439411","SNOMEDCT_US","https://uts-ws.nlm.nih.gov/rest/content/2022AA/CUI/C5439411","Propriospinal myoclonus at sleep onset in infancy"
"483","C3888867","MTH","https://uts-ws.nlm.nih.gov/rest/content/2022AA/CUI/C3888867","Agrypnia (sleep)"
"484","C0557877","SNOMEDCT_US","https://uts-ws.nlm.nih.gov/rest/content/2022AA/CUI/C0557877","Sleep finding"
"485","C0154564","MDR","https://uts-ws.nlm.nih.gov/rest/content/2022AA/CUI/C0154564","Specific disorders of sleep of non-organic origin"
"486","C0424284","SNOMEDCT_US","https://uts-ws.nlm.nih.gov/rest/content/2022AA/CUI/C0424284","Sleep automatism"
"487","C0858856","MDR","https://uts-ws.nlm.nih.gov/rest/content/2022AA/CUI/C0858856","Dreaming excessive due to poor sleep"
"488","C2250012","GO","https://uts-ws.nlm.nih.gov/rest/content/2022AA/CUI/C2250012","activation of circadian sleep/wake cycle, non-REM sleep"
"489","C2248183","GO","https://uts-ws.nlm.nih.gov/rest/content/2022AA/CUI/C2248183","inhibition of circadian sleep/wake cycle, non-REM sleep"
"490","C2250013","GO","https://uts-ws.nlm.nih.gov/rest/content/2022AA/CUI/C2250013","stimulation of circadian sleep/wake cycle, non-REM sleep"
"491","C4054285","NCI","https://uts-ws.nlm.nih.gov/rest/content/2022AA/CUI/C4054285","Overall Sleep Quality Rating"
"492","C3693903","MEDCIN","https://uts-ws.nlm.nih.gov/rest/content/2022AA/CUI/C3693903","organic circadian rhythm sleep disorder, irregular sleep-wake type"
"493","C4318804","MTH","https://uts-ws.nlm.nih.gov/rest/content/2022AA/CUI/C4318804","Sleep medicine"
"494","C0270546","MEDCIN","https://uts-ws.nlm.nih.gov/rest/content/2022AA/CUI/C0270546","nonorganic circadian rhythm sleep disorder, disorganized type"
"495","C3151365","OMIM","https://uts-ws.nlm.nih.gov/rest/content/2022AA/CUI/C3151365","Walking during slow-wave sleep (sleepwalking)"
"496","C2749028","OMIM","https://uts-ws.nlm.nih.gov/rest/content/2022AA/CUI/C2749028","Continuous spike-wave discharges during sleep"
"497","C2911120","SNOMEDCT_US","https://uts-ws.nlm.nih.gov/rest/content/2022AA/CUI/C2911120","Behavioral insomnia of childhood, sleep onset association type"
"498","C2110450","MEDCIN","https://uts-ws.nlm.nih.gov/rest/content/2022AA/CUI/C2110450","knee pain causing inability to sleep"
"499","C3837079","MEDCIN","https://uts-ws.nlm.nih.gov/rest/content/2022AA/CUI/C3837079","insomnia disorder with other sleep disorder"
"500","C2922443","MEDCIN","https://uts-ws.nlm.nih.gov/rest/content/2022AA/CUI/C2922443","rnax provide environment conducive to sleep"
"501","C3837204","MEDCIN","https://uts-ws.nlm.nih.gov/rest/content/2022AA/CUI/C3837204","hypersomnolence disorder with other sleep condition"
"502","C2063805","MEDCIN","https://uts-ws.nlm.nih.gov/rest/content/2022AA/CUI/C2063805","sleep disorder due to unspecified substance"
"503","C2128519","MEDCIN","https://uts-ws.nlm.nih.gov/rest/content/2022AA/CUI/C2128519","neck pain causing inability to sleep"
"504","C3836131","MEDCIN","https://uts-ws.nlm.nih.gov/rest/content/2022AA/CUI/C3836131","rnax instruct in sleep test preparation"
"505","C4272808","MEDCIN","https://uts-ws.nlm.nih.gov/rest/content/2022AA/CUI/C4272808","implantable neurostimulator for central sleep apnea"
"506","C2128517","MEDCIN","https://uts-ws.nlm.nih.gov/rest/content/2022AA/CUI/C2128517","midback pain causing inability to sleep"
"507","C5560346","MEDCIN","https://uts-ws.nlm.nih.gov/rest/content/2022AA/CUI/C5560346","diagnostic flexible drug-induced sleep endoscopy"
"508","C2227917","MEDCIN","https://uts-ws.nlm.nih.gov/rest/content/2022AA/CUI/C2227917","amphetamine-induced sleep disorder during intoxication"
"509","C2215698","MEDCIN","https://uts-ws.nlm.nih.gov/rest/content/2022AA/CUI/C2215698","alcohol-induced sleep disorder during withdrawal"
"510","C2958868","MEDCIN","https://uts-ws.nlm.nih.gov/rest/content/2022AA/CUI/C2958868","patient/caregiver queried about sleep disturbances"
"511","C2106278","MEDCIN","https://uts-ws.nlm.nih.gov/rest/content/2022AA/CUI/C2106278","cocaine-induced sleep disorder during intoxication"
"512","C2227918","MEDCIN","https://uts-ws.nlm.nih.gov/rest/content/2022AA/CUI/C2227918","amphetamine-induced sleep disorder during withdrawal"
"513","C2013196","MEDCIN","https://uts-ws.nlm.nih.gov/rest/content/2022AA/CUI/C2013196","opioid-induced sleep disorder during intoxication"
"514","C2006088","MEDCIN","https://uts-ws.nlm.nih.gov/rest/content/2022AA/CUI/C2006088","caffeine-induced sleep disorder during intoxication"
"515","C2106279","MEDCIN","https://uts-ws.nlm.nih.gov/rest/content/2022AA/CUI/C2106279","cocaine-induced sleep disorder during withdrawal"
"516","C2215697","MEDCIN","https://uts-ws.nlm.nih.gov/rest/content/2022AA/CUI/C2215697","alcohol-induced sleep disorder during intoxication"
"517","C2013197","MEDCIN","https://uts-ws.nlm.nih.gov/rest/content/2022AA/CUI/C2013197","opioid-induced sleep disorder during withdrawal"
"518","C4285113","LNC","https://uts-ws.nlm.nih.gov/rest/content/2022AA/CUI/C4285113","Can only sleep sitting up"
"519","C5539919","CDT","https://uts-ws.nlm.nih.gov/rest/content/2022AA/CUI/C5539919","custom sleep apnea appliance fabrication and placement"
"520","C2875259","ICD10CM","https://uts-ws.nlm.nih.gov/rest/content/2022AA/CUI/C2875259","Other sleep related movement disorders"
"521","C1561871","ICD9CM","https://uts-ws.nlm.nih.gov/rest/content/2022AA/CUI/C1561871","Circadian rhythm sleep disorder, unspecified"
"522","C3175418","LNC","https://uts-ws.nlm.nih.gov/rest/content/2022AA/CUI/C3175418","How often does this overwhelming desire to go to sleep occur:Time:Pt:^Patient:Qn:PhenX"
"523","C3165846","MTH","https://uts-ws.nlm.nih.gov/rest/content/2022AA/CUI/C3165846","PhenX - sleep disorders screener protocol"
"524","C3166134","MTH","https://uts-ws.nlm.nih.gov/rest/content/2022AA/CUI/C3166134","PhenX measure - sleep disorders screener"
"525","C3175966","LNC","https://uts-ws.nlm.nih.gov/rest/content/2022AA/CUI/C3175966","How quickly after this loss of sleep, do you return to your usual self if you are allowed to sleep as much as you like:Time:Pt:^Patient:Qn:PhenX"
"526","C0472536","SNOMEDCT_US","https://uts-ws.nlm.nih.gov/rest/content/2022AA/CUI/C0472536","Pharyngeal operation for obstructive sleep apnea and snoring"
"527","C1540075","MTH","https://uts-ws.nlm.nih.gov/rest/content/2022AA/CUI/C1540075","TSC22D3 gene"
"528","C0865377","MTHICD9","https://uts-ws.nlm.nih.gov/rest/content/2022AA/CUI/C0865377","Repetitive intrusion of sleep with repeated REM-sleep interruptions"
"529","C1442671","ALT","https://uts-ws.nlm.nih.gov/rest/content/2022AA/CUI/C1442671","Magnetico sleep pad each item"
"530","C3176078","LNC","https://uts-ws.nlm.nih.gov/rest/content/2022AA/CUI/C3176078","Does moving at night disrupt your sleep, wake you up at night:Find:Pt:^Patient:Ord:PhenX"
"531","C1561887","MTHICD9","https://uts-ws.nlm.nih.gov/rest/content/2022AA/CUI/C1561887","Periodic limb movement sleep disorder"
"532","C4505222","MTH","https://uts-ws.nlm.nih.gov/rest/content/2022AA/CUI/C4505222","Sleep Onset Latency"
"533","C2674587","OMIM","https://uts-ws.nlm.nih.gov/rest/content/2022AA/CUI/C2674587","Complex motor behavior such as sleep walking"
"534","C4086855","NCI","https://uts-ws.nlm.nih.gov/rest/content/2022AA/CUI/C4086855","Sleep as Well as Always"
"535","C3173281","LNC","https://uts-ws.nlm.nih.gov/rest/content/2022AA/CUI/C3173281","Have you ever heard your child talk during sleep - sleep talking"
"536","C3806408","OMIM","https://uts-ws.nlm.nih.gov/rest/content/2022AA/CUI/C3806408","Continuous spike-waves during slow-wave sleep"
"537","C5238460","NCI","https://uts-ws.nlm.nih.gov/rest/content/2022AA/CUI/C5238460","So Much Difficulty Can't Sleep"
"538","C2923046","MEDCIN","https://uts-ws.nlm.nih.gov/rest/content/2022AA/CUI/C2923046","unattended sleep study recording heart rate, O2 saturation, respiratory analysis, and sleep time"
"539","C2078974","MEDCIN","https://uts-ws.nlm.nih.gov/rest/content/2022AA/CUI/C2078974","involuntary movements during sleep which are violent"
"540","C2096036","MEDCIN","https://uts-ws.nlm.nih.gov/rest/content/2022AA/CUI/C2096036","otolaryngologic surgical result on quality of sleep"
"541","C5389802","MEDCIN","https://uts-ws.nlm.nih.gov/rest/content/2022AA/CUI/C5389802","digital therapeutics for insomnia and sleep disorders"
"542","C3509140","MEDCIN","https://uts-ws.nlm.nih.gov/rest/content/2022AA/CUI/C3509140","stimulant dependence with stimulant-induced sleep disorder"
"543","C3509125","MEDCIN","https://uts-ws.nlm.nih.gov/rest/content/2022AA/CUI/C3509125","stimulant abuse with stimulant-induced sleep disorder"
"544","C3509155","MEDCIN","https://uts-ws.nlm.nih.gov/rest/content/2022AA/CUI/C3509155","stimulant use with stimulant-induced sleep disorder"
"545","C5192596","SNOMEDCT_US","https://uts-ws.nlm.nih.gov/rest/content/2022AA/CUI/C5192596","ANK3-related intellectual disability, sleep disturbance syndrome"
"546","C4546137","MTH","https://uts-ws.nlm.nih.gov/rest/content/2022AA/CUI/C4546137","Acute insomnia"
"547","C0393768","SNOMEDCT_US","https://uts-ws.nlm.nih.gov/rest/content/2022AA/CUI/C0393768","Repeated rapid eye movement sleep interruptions"
"548","C0424280","SNOMEDCT_US","https://uts-ws.nlm.nih.gov/rest/content/2022AA/CUI/C0424280","Blank, staring face while sleep walking"
"549","C0710403","MTH","https://uts-ws.nlm.nih.gov/rest/content/2022AA/CUI/C0710403","diphenhydramine hydrochloride 25 MG Oral Tablet"
"550","C4034773","LNC","https://uts-ws.nlm.nih.gov/rest/content/2022AA/CUI/C4034773","People sleep better when they drink"
"551","C2875121","ICD10CM","https://uts-ws.nlm.nih.gov/rest/content/2022AA/CUI/C2875121","Epileptic seizures related to sleep deprivation"
"552","C0430792","SNOMEDCT_US","https://uts-ws.nlm.nih.gov/rest/content/2022AA/CUI/C0430792","Sleep electroencephalogram in sleep-deprived patient"
"553","C3806403","MTH","https://uts-ws.nlm.nih.gov/rest/content/2022AA/CUI/C3806403","Continuous spike and waves during slow sleep"
"554","C1739575","NIC","https://uts-ws.nlm.nih.gov/rest/content/2022AA/CUI/C1739575","Instruct patient to monitor sleep patterns"
"555","C4717613","NOC","https://uts-ws.nlm.nih.gov/rest/content/2022AA/CUI/C4717613","Uses strategies to maintain adequate sleep"
"556","C4716109","NOC","https://uts-ws.nlm.nih.gov/rest/content/2022AA/CUI/C4716109","Maintains healthy sleep routines of members"
"557","C4718732","NOC","https://uts-ws.nlm.nih.gov/rest/content/2022AA/CUI/C4718732","Uses strategies to obtain needed sleep"
"558","C1822064","NOC","https://uts-ws.nlm.nih.gov/rest/content/2022AA/CUI/C1822064","Exhibits five sleep and alert states"
"559","C4718279","NOC","https://uts-ws.nlm.nih.gov/rest/content/2022AA/CUI/C4718279","Uses strategies to promote restful sleep"
"560","C4067660","CPT","https://uts-ws.nlm.nih.gov/rest/content/2022AA/CUI/C4067660","Programming device evaluation of implanted neurostimulator pulse generator system for central sleep apnea; during sleep study"
"561","C1561881","MTHICD9","https://uts-ws.nlm.nih.gov/rest/content/2022AA/CUI/C1561881","Organic disorder of sleep wake schedule"
"562","C2980660","RXNORM","https://uts-ws.nlm.nih.gov/rest/content/2022AA/CUI/C2980660","Unisom Sleep"
"563","C3666553","RXNORM","https://uts-ws.nlm.nih.gov/rest/content/2022AA/CUI/C3666553","ZZZ Sleep"
"564","C3169358","MTH","https://uts-ws.nlm.nih.gov/rest/content/2022AA/CUI/C3169358","PhenX - respiratory - sleep apnea - child protocol:-:Point in time:^Patient:-:PhenX"
"565","C3169357","MTH","https://uts-ws.nlm.nih.gov/rest/content/2022AA/CUI/C3169357","PhenX - respiratory - sleep apnea - adult protocol:-:Point in time:^Patient:-:PhenX"
"566","C4277672","MSH","https://uts-ws.nlm.nih.gov/rest/content/2022AA/CUI/C4277672","Sleep Hygiene"
"567","C4704916","MSH","https://uts-ws.nlm.nih.gov/rest/content/2022AA/CUI/C4704916","N1-Sleep"
"568","C4704917","MSH","https://uts-ws.nlm.nih.gov/rest/content/2022AA/CUI/C4704917","N2-Sleep"
"569","C5392947","MSH","https://uts-ws.nlm.nih.gov/rest/content/2022AA/CUI/C5392947","Sleep Insufficiency"
"570","C0751507","MSH","https://uts-ws.nlm.nih.gov/rest/content/2022AA/CUI/C0751507","Sleep Fragmentation"
"571","C5392948","MSH","https://uts-ws.nlm.nih.gov/rest/content/2022AA/CUI/C5392948","Sleep Debt"
"572","C4047891","SNOMEDCT_US","https://uts-ws.nlm.nih.gov/rest/content/2022AA/CUI/C4047891","Sleep service"
"573","C0424277","SNOMEDCT_US","https://uts-ws.nlm.nih.gov/rest/content/2022AA/CUI/C0424277","Low level of awareness while sleep walking"
"574","C0424278","SNOMEDCT_US","https://uts-ws.nlm.nih.gov/rest/content/2022AA/CUI/C0424278","Low level of reactivity while sleep walking"
"575","C4087039","NCI","https://uts-ws.nlm.nih.gov/rest/content/2022AA/CUI/C4087039","Frequently Have Trouble Getting to Sleep"
"576","C3175954","LNC","https://uts-ws.nlm.nih.gov/rest/content/2022AA/CUI/C3175954","How many H and Ms of sleep do you usually get when you take a nap:Time:Pt:^Patient:Qn:PhenX"
"577","C2964240","LNC","https://uts-ws.nlm.nih.gov/rest/content/2022AA/CUI/C2964240","My sleep was refreshing in past 7D"
"578","C2737160","LNC","https://uts-ws.nlm.nih.gov/rest/content/2022AA/CUI/C2737160","Pain has made it hard to sleep"
"579","C2964239","LNC","https://uts-ws.nlm.nih.gov/rest/content/2022AA/CUI/C2964239","My sleep was light in past 7D"
"580","C2964242","LNC","https://uts-ws.nlm.nih.gov/rest/content/2022AA/CUI/C2964242","My sleep was restless in past 7D"
"581","C2964241","LNC","https://uts-ws.nlm.nih.gov/rest/content/2022AA/CUI/C2964241","My sleep was restful in past 7D"
"582","C2964238","LNC","https://uts-ws.nlm.nih.gov/rest/content/2022AA/CUI/C2964238","My sleep was deep in past 7D"
"583","C4034527","LNC","https://uts-ws.nlm.nih.gov/rest/content/2022AA/CUI/C4034527","Readiness for change for improved sleep patterns"
"584","C4476687","HPO","https://uts-ws.nlm.nih.gov/rest/content/2022AA/CUI/C4476687","Sleep-interrupting"
"585","C4037375","LNC","https://uts-ws.nlm.nih.gov/rest/content/2022AA/CUI/C4037375","People sleep better when they drink:Find:Pt:^Patient:Ord:PROMIS"
"586","C0723369","MMSL","https://uts-ws.nlm.nih.gov/rest/content/2022AA/CUI/C0723369","Sleep-ettes"
"587","C0718180","MMSL","https://uts-ws.nlm.nih.gov/rest/content/2022AA/CUI/C0718180","APAP Sleep"
"588","C1548624","HL7V2.5","https://uts-ws.nlm.nih.gov/rest/content/2022AA/CUI/C1548624","every day before the hour of sleep"
"589","C1963892","MDR","https://uts-ws.nlm.nih.gov/rest/content/2022AA/CUI/C1963892","Sleep driving"
"590","C1963764","MDR","https://uts-ws.nlm.nih.gov/rest/content/2022AA/CUI/C1963764","Sleep sex"
"591","C1963765","MDR","https://uts-ws.nlm.nih.gov/rest/content/2022AA/CUI/C1963765","Sleep inertia"
"592","C0858550","MDR","https://uts-ws.nlm.nih.gov/rest/content/2022AA/CUI/C0858550","Sleep unwell"
"593","C5554276","MDR","https://uts-ws.nlm.nih.gov/rest/content/2022AA/CUI/C5554276","Sleep hyperhidrosis"
"594","C4061024","NANDA-I","https://uts-ws.nlm.nih.gov/rest/content/2022AA/CUI/C4061024","Infant placed in prone position to sleep"
"595","C3154345","MTH","https://uts-ws.nlm.nih.gov/rest/content/2022AA/CUI/C3154345","doxylamine succinate 25 MG Oral Tablet"
"596","C4716574","NOC","https://uts-ws.nlm.nih.gov/rest/content/2022AA/CUI/C4716574","Role of sleep in blood glucose control"
"597","C3517193","CPT","https://uts-ws.nlm.nih.gov/rest/content/2022AA/CUI/C3517193","Sleep monitoring of patient (6 years or older) in sleep lab"
"598","C4237041","DSM-5","https://uts-ws.nlm.nih.gov/rest/content/2022AA/CUI/C4237041","Central sleep apnea, Cheyne-Stokes breathing"
"599","C3166122","MTH","https://uts-ws.nlm.nih.gov/rest/content/2022AA/CUI/C3166122","PhenX measure - respiratory - sleep apnea"
"600","C0865376","MTHICD9","https://uts-ws.nlm.nih.gov/rest/content/2022AA/CUI/C0865376","Repetitive intrusion of sleep with environmental disturbances"
"601","C0547111","PCDS","https://uts-ws.nlm.nih.gov/rest/content/2022AA/CUI/C0547111","Arrange activities to minimize sleep disruption."
"602","C3176523","LNC","https://uts-ws.nlm.nih.gov/rest/content/2022AA/CUI/C3176523","Excessive sleep:Find:Pt:^Patient:Ord:DI-PAD CGP V 1.4"
"603","C2874523","MEDCIN","https://uts-ws.nlm.nih.gov/rest/content/2022AA/CUI/C2874523","sedative, hypnotic, or anxiolytic abuse with sedative, hypnotic, or anxiolytic-induced sleep disorder"
"604","C1853839","OMIM","https://uts-ws.nlm.nih.gov/rest/content/2022AA/CUI/C1853839","Sleep benefit"
"605","C3277092","OMIM","https://uts-ws.nlm.nih.gov/rest/content/2022AA/CUI/C3277092","Sleep abnormalities"
"606","C3175420","LNC","https://uts-ws.nlm.nih.gov/rest/content/2022AA/CUI/C3175420","During the daytime, do you experience an overwhelming desire to go to sleep - so overwhelming that you cannot resist:Find:Pt:^Patient:Ord:PhenX"
"607","C4037083","LNC","https://uts-ws.nlm.nih.gov/rest/content/2022AA/CUI/C4037083","Readiness for change for improved sleep patterns:Score:Pt:^Patient:Ord:Reported"
"608","C3640635","NCI","https://uts-ws.nlm.nih.gov/rest/content/2022AA/CUI/C3640635","YMRS - Sleep"
"609","C5420463","NCI","https://uts-ws.nlm.nih.gov/rest/content/2022AA/CUI/C5420463","Sleep Question"
"610","C5419963","NCI","https://uts-ws.nlm.nih.gov/rest/content/2022AA/CUI/C5419963","Sleep Answer"
"611","C4061023","NANDA-I","https://uts-ws.nlm.nih.gov/rest/content/2022AA/CUI/C4061023","Infant placed in side-lying position to sleep"
"612","C4053949","NCI","https://uts-ws.nlm.nih.gov/rest/content/2022AA/CUI/C4053949","Take Medicine to Help Sleep"
"613","C3662057","SNOMEDCT_US","https://uts-ws.nlm.nih.gov/rest/content/2022AA/CUI/C3662057","Central sleep apnea due to periodic breathing"
"614","C4518315","SNOMEDCT_US","https://uts-ws.nlm.nih.gov/rest/content/2022AA/CUI/C4518315","Central sleep apnea without Cheyne-Stokes respiration"
"615","C4075997","SNOMEDCT_US","https://uts-ws.nlm.nih.gov/rest/content/2022AA/CUI/C4075997","Central sleep apnea caused by high altitude"
"616","C4075980","SNOMEDCT_US","https://uts-ws.nlm.nih.gov/rest/content/2022AA/CUI/C4075980","Circadian rhythm sleep disorder caused by alcohol"
"617","C1998370","SNOMEDCT_US","https://uts-ws.nlm.nih.gov/rest/content/2022AA/CUI/C1998370","Hypoventilation during sleep due to neuromuscular disorder"
"618","C3875848","SNOMEDCT_US","https://uts-ws.nlm.nih.gov/rest/content/2022AA/CUI/C3875848","Implantable sleep apnea treatment system programmer/charger"
"619","C3876098","SNOMEDCT_US","https://uts-ws.nlm.nih.gov/rest/content/2022AA/CUI/C3876098","Tongue-adjustment sleep apnea treatment system patch"
"620","C2724364","CPT","https://uts-ws.nlm.nih.gov/rest/content/2022AA/CUI/C2724364","Sleep study, unattended, simultaneous recording; heart rate, oxygen saturation, respiratory analysis (eg, by airflow or peripheral arterial tone), and sleep time"
"621","C3517186","CPT","https://uts-ws.nlm.nih.gov/rest/content/2022AA/CUI/C3517186","Sleep monitoring of patient (younger than 6 years) in sleep lab"
"622","C4237049","DSM-5","https://uts-ws.nlm.nih.gov/rest/content/2022AA/CUI/C4237049","Circadian rhythm sleep-wake disorders, Advanced sleep phase type"
"623","C4237050","DSM-5","https://uts-ws.nlm.nih.gov/rest/content/2022AA/CUI/C4237050","Circadian rhythm sleep-wake disorders, Delayed sleep phase type"
"624","C4509117","ICD10CM","https://uts-ws.nlm.nih.gov/rest/content/2022AA/CUI/C4509117","Circadian rhythm sleep disorder, non-24-hour sleep-wake type"
"625","C4722414","MTH","https://uts-ws.nlm.nih.gov/rest/content/2022AA/CUI/C4722414","Total Sleep Time"
"626","C4529961","MEDLINEPLUS","https://uts-ws.nlm.nih.gov/rest/content/2022AA/CUI/C4529961","Healthy Sleep"
"627","C3698744","LNC","https://uts-ws.nlm.nih.gov/rest/content/2022AA/CUI/C3698744","My sleep was refreshing in past 7D:Find:7D:^Patient:Ord:PROMIS"
"628","C3699075","LNC","https://uts-ws.nlm.nih.gov/rest/content/2022AA/CUI/C3699075","My sleep was restful in past 7D:Find:7D:^Patient:Ord:PROMIS"
"629","C3699076","LNC","https://uts-ws.nlm.nih.gov/rest/content/2022AA/CUI/C3699076","My sleep was deep in past 7D:Find:7D:^Patient:Ord:PROMIS"
"630","C3699083","LNC","https://uts-ws.nlm.nih.gov/rest/content/2022AA/CUI/C3699083","My sleep was restless in past 7D:Find:7D:^Patient:Ord:PROMIS"
"631","C3699082","LNC","https://uts-ws.nlm.nih.gov/rest/content/2022AA/CUI/C3699082","My sleep was light in past 7D:Find:7D:^Patient:Ord:PROMIS"
"632","C4042891","MTH","https://uts-ws.nlm.nih.gov/rest/content/2022AA/CUI/C4042891","Sleep Wake Disorders"
"633","C3509715","MEDCIN","https://uts-ws.nlm.nih.gov/rest/content/2022AA/CUI/C3509715","sedative/hypnotic/anxiolytic dependence with sedative/hypnotic/anxiolytic-induced sleep disorder"
"634","C0547105","PCDS","https://uts-ws.nlm.nih.gov/rest/content/2022AA/CUI/C0547105","Assess effectiveness of interventions for sleep promotion."
"635","C0548515","PCDS","https://uts-ws.nlm.nih.gov/rest/content/2022AA/CUI/C0548515","Patient will regain pre-hospitalization sleep patterns."
"636","C4288969","NCI","https://uts-ws.nlm.nih.gov/rest/content/2022AA/CUI/C4288969","Have a Lot of Trouble Getting to Sleep"
"637","C4054851","NCI","https://uts-ws.nlm.nih.gov/rest/content/2022AA/CUI/C4054851","Have Episodes of Disorientation or Confusion During Sleep"
"638","C4324575","MDR","https://uts-ws.nlm.nih.gov/rest/content/2022AA/CUI/C4324575","Rapid eye movements sleep latency reduced"
"639","C5451932","LNC","https://uts-ws.nlm.nih.gov/rest/content/2022AA/CUI/C5451932","Sleep Panel"
"640","C2964480","LNC","https://uts-ws.nlm.nih.gov/rest/content/2022AA/CUI/C2964480","Sleep Protocols"
"641","C3531724","SNOMEDCT_US","https://uts-ws.nlm.nih.gov/rest/content/2022AA/CUI/C3531724","Primary hyposomnia"
"642","C3662832","SNOMEDCT_US","https://uts-ws.nlm.nih.gov/rest/content/2022AA/CUI/C3662832","Daytime hypersomnia"
"643","C1997855","SNOMEDCT_US","https://uts-ws.nlm.nih.gov/rest/content/2022AA/CUI/C1997855","Secondary parasomnia"
"644","C3551486","OMIM","https://uts-ws.nlm.nih.gov/rest/content/2022AA/CUI/C3551486","Nocturnal occurrence, usually during light sleep"
"645","C3176526","LNC","https://uts-ws.nlm.nih.gov/rest/content/2022AA/CUI/C3176526","Appetite or sleep change notes:Txt:Pt:^Patient:Nom:DI-PAD CGP V 1.4"
"646","C3173260","LNC","https://uts-ws.nlm.nih.gov/rest/content/2022AA/CUI/C3173260","Does your child usually sleep with the mouth open:Find:Pt:^Patient:Ord:PhenX"
"647","C4707562","SNOMEDCT_US","https://uts-ws.nlm.nih.gov/rest/content/2022AA/CUI/C4707562","Autoimmune encephalopathy with parasomnia and obstructive sleep apnea"
"648","C3693302","MEDCIN","https://uts-ws.nlm.nih.gov/rest/content/2022AA/CUI/C3693302","using techniques / aids to help sleep"
"649","C2367500","MEDCIN","https://uts-ws.nlm.nih.gov/rest/content/2022AA/CUI/C2367500","nocturnal dyspnea causing awakening from sleep"
"650","C2073276","MEDCIN","https://uts-ws.nlm.nih.gov/rest/content/2022AA/CUI/C2073276","chest pain causing awakening from sleep"
"651","C2219686","MEDCIN","https://uts-ws.nlm.nih.gov/rest/content/2022AA/CUI/C2219686","abdominal pain causes awakening from sleep"
"652","C2013983","MEDCIN","https://uts-ws.nlm.nih.gov/rest/content/2022AA/CUI/C2013983","organic periodic limb movement sleep disorder"
"653","C3864117","MEDCIN","https://uts-ws.nlm.nih.gov/rest/content/2022AA/CUI/C3864117","anticipatory guidance: discipline nighttime sleep routine"
"654","C2206427","MEDCIN","https://uts-ws.nlm.nih.gov/rest/content/2022AA/CUI/C2206427","electroencephalogram asleep sleep spindles normal symmetry"
"655","C5419831","NCI","https://uts-ws.nlm.nih.gov/rest/content/2022AA/CUI/C5419831","Skin Condition Affect Sleep Quality"
"656","C4304028","MTH","https://uts-ws.nlm.nih.gov/rest/content/2022AA/CUI/C4304028","Sleep medicine specialist"
"657","C1305395","SNOMEDCT_US","https://uts-ws.nlm.nih.gov/rest/content/2022AA/CUI/C1305395","Hypersomnia of non-organic origin"
"658","C1561868","ICD10CM","https://uts-ws.nlm.nih.gov/rest/content/2022AA/CUI/C1561868","Central sleep apnea in conditions classified elsewhere"
"659","C3825668","LCH_NW","https://uts-ws.nlm.nih.gov/rest/content/2022AA/CUI/C3825668","Sleep movements"
"660","C0154573","ICD9CM","https://uts-ws.nlm.nih.gov/rest/content/2022AA/CUI/C0154573","Other specific disorders of sleep of nonorganic origin"
"661","C0393764","SNOMEDCT_US","https://uts-ws.nlm.nih.gov/rest/content/2022AA/CUI/C0393764","Excessive daytime sleepiness - normal night sleep"
"662","C0494410","MSH","https://uts-ws.nlm.nih.gov/rest/content/2022AA/CUI/C0494410","Nonorganic Sleep Wake Cycle Disorders"
"663","C3873659","SNOMEDCT_US","https://uts-ws.nlm.nih.gov/rest/content/2022AA/CUI/C3873659","Sleep apnea mask"
"664","C4510692","SNOMEDCT_US","https://uts-ws.nlm.nih.gov/rest/content/2022AA/CUI/C4510692","Central sleep apnea co-occurrent with Cheyne Stokes respiration"
"665","C1997918","SNOMEDCT_US","https://uts-ws.nlm.nih.gov/rest/content/2022AA/CUI/C1997918","Sleep-related groaning"
"666","C1561862","SNOMEDCT_US","https://uts-ws.nlm.nih.gov/rest/content/2022AA/CUI/C1561862","High altitude periodic breathing"
"667","C4526628","NCI","https://uts-ws.nlm.nih.gov/rest/content/2022AA/CUI/C4526628","Have Trouble Going To Sleep"
"668","C3550717","OMIM","https://uts-ws.nlm.nih.gov/rest/content/2022AA/CUI/C3550717","Inability to fully close eyes during sleep"
"669","C1868449","OMIM","https://uts-ws.nlm.nih.gov/rest/content/2022AA/CUI/C1868449","Attacks may present during or after sleep"
"670","C2078975","MEDCIN","https://uts-ws.nlm.nih.gov/rest/content/2022AA/CUI/C2078975","involuntary movements during sleep which cause awakening"
"671","C2128518","MEDCIN","https://uts-ws.nlm.nih.gov/rest/content/2022AA/CUI/C2128518","lower back pain causing inability to sleep"
"672","C2054179","MEDCIN","https://uts-ws.nlm.nih.gov/rest/content/2022AA/CUI/C2054179","sleep latency for unplanned nap during weekdays"
"673","C2096037","MEDCIN","https://uts-ws.nlm.nih.gov/rest/content/2022AA/CUI/C2096037","otolaryngologic surgical result: quality of sleep improved"
"674","C2096039","MEDCIN","https://uts-ws.nlm.nih.gov/rest/content/2022AA/CUI/C2096039","otolaryngologic surgical result: quality of sleep worsened"
"675","C2013973","MEDCIN","https://uts-ws.nlm.nih.gov/rest/content/2022AA/CUI/C2013973","idiopathic organic hypersomnia with long sleep time"
"676","C4064424","MEDCIN","https://uts-ws.nlm.nih.gov/rest/content/2022AA/CUI/C4064424","nightmare disorder with associated other sleep disorder"
"677","C2054172","MEDCIN","https://uts-ws.nlm.nih.gov/rest/content/2022AA/CUI/C2054172","sleep latency for planned naps during weekdays"
"678","C2054174","MEDCIN","https://uts-ws.nlm.nih.gov/rest/content/2022AA/CUI/C2054174","sleep latency for planned naps during weekends"
"679","C2128515","MEDCIN","https://uts-ws.nlm.nih.gov/rest/content/2022AA/CUI/C2128515","shoulder joint pain causing inability to sleep"
"680","C2128516","MEDCIN","https://uts-ws.nlm.nih.gov/rest/content/2022AA/CUI/C2128516","upper back pain causing inability to sleep"
"681","C2096038","MEDCIN","https://uts-ws.nlm.nih.gov/rest/content/2022AA/CUI/C2096038","otolaryngologic surgical result: quality of sleep unchanged"
"682","C4272807","MEDCIN","https://uts-ws.nlm.nih.gov/rest/content/2022AA/CUI/C4272807","implantable neurostimulator for central sleep apnea insertion"
"683","C2108674","MEDCIN","https://uts-ws.nlm.nih.gov/rest/content/2022AA/CUI/C2108674","hip joint pain causing inability to sleep"
"684","C2054180","MEDCIN","https://uts-ws.nlm.nih.gov/rest/content/2022AA/CUI/C2054180","sleep latency for unplanned nap during weekends"
"685","C4027893","MEDCIN","https://uts-ws.nlm.nih.gov/rest/content/2022AA/CUI/C4027893","PROMIS-29 questionnaire: sleep disturbance T score"
"686","C4027894","MEDCIN","https://uts-ws.nlm.nih.gov/rest/content/2022AA/CUI/C4027894","PROMIS-29 questionnaire: sleep disturbance raw score"
"687","C3175941","LNC","https://uts-ws.nlm.nih.gov/rest/content/2022AA/CUI/C3175941","How much sleep do you usually get on a typical night:NRat:Pt:^Patient:Qn:PhenX"
"688","C3174269","LNC","https://uts-ws.nlm.nih.gov/rest/content/2022AA/CUI/C3174269","Sleep disorders diagnosed or suspected by a physician in your child:Find:Pt:^Patient:Nom:PhenX"
"689","C3174109","LNC","https://uts-ws.nlm.nih.gov/rest/content/2022AA/CUI/C3174109","Does your child have restless sleep"
"690","C1561889","ICD9CM","https://uts-ws.nlm.nih.gov/rest/content/2022AA/CUI/C1561889","Other organic sleep related movement disorders"
"691","C2875255","ICD10CM","https://uts-ws.nlm.nih.gov/rest/content/2022AA/CUI/C2875255","Circadian rhythm sleep disorder, unspecified type"
"692","C3496180","MTH","https://uts-ws.nlm.nih.gov/rest/content/2022AA/CUI/C3496180","SLEEP APNEA (device)"
"693","C0547106","PCDS","https://uts-ws.nlm.nih.gov/rest/content/2022AA/CUI/C0547106","Promote sleep."
"694","C0710311","MTH","https://uts-ws.nlm.nih.gov/rest/content/2022AA/CUI/C0710311","diphenhydramine hydrochloride 50 MG Oral Capsule"
"695","C4042825","MSH","https://uts-ws.nlm.nih.gov/rest/content/2022AA/CUI/C4042825","Sleep Aids, Pharmaceutical"
"696","C5415708","CPT","https://uts-ws.nlm.nih.gov/rest/content/2022AA/CUI/C5415708","Electroencephalogram (EEG) recording in coma or sleep only"
"697","C4034245","MTH","https://uts-ws.nlm.nih.gov/rest/content/2022AA/CUI/C4034245","PROMIS sleep disturbance - version 1.0 T-score"
"698","C1704626","MTH","https://uts-ws.nlm.nih.gov/rest/content/2022AA/CUI/C1704626","Sleep Polysomnography Domain"
"699","C1863329","OMIM","https://uts-ws.nlm.nih.gov/rest/content/2022AA/CUI/C1863329","Results in nocturnal insomnia and chronic sleep deprivation"
"700","C4538792","OMIM","https://uts-ws.nlm.nih.gov/rest/content/2022AA/CUI/C4538792","Continuous spike and slow-wave activity during sleep"
"701","C1561878","MEDCIN","https://uts-ws.nlm.nih.gov/rest/content/2022AA/CUI/C1561878","Circadian rhythm sleep disorder in conditions classified elsewhere"
"702","C4272802","MEDCIN","https://uts-ws.nlm.nih.gov/rest/content/2022AA/CUI/C4272802","repositioning of implantable neurostimulator for central sleep apnea"
"703","C2013966","MEDCIN","https://uts-ws.nlm.nih.gov/rest/content/2022AA/CUI/C2013966","organic circadian rhythm sleep disorder, free-running type"
"704","C2061923","MEDCIN","https://uts-ws.nlm.nih.gov/rest/content/2022AA/CUI/C2061923","polysomnography with four or more additional sleep parameters"
"705","C2188214","MEDCIN","https://uts-ws.nlm.nih.gov/rest/content/2022AA/CUI/C2188214","sleep disorder due to intoxication with unspecified substance"
"706","C4272804","MEDCIN","https://uts-ws.nlm.nih.gov/rest/content/2022AA/CUI/C4272804","removal of implantable neurostimulator for central sleep apnea"
"707","C4272803","MEDCIN","https://uts-ws.nlm.nih.gov/rest/content/2022AA/CUI/C4272803","replacement of implantable neurostimulator for central sleep apnea"
"708","C4272805","MEDCIN","https://uts-ws.nlm.nih.gov/rest/content/2022AA/CUI/C4272805","programming of implantable neurostimulator for central sleep apnea"
"709","C4272806","MEDCIN","https://uts-ws.nlm.nih.gov/rest/content/2022AA/CUI/C4272806","interrogation of implantable neurostimulator for central sleep apnea"
"710","C4236955","ICD10CM","https://uts-ws.nlm.nih.gov/rest/content/2022AA/CUI/C4236955","Alcohol induced sleep disorder, without use disorder"
"711","C4237016","ICD10CM","https://uts-ws.nlm.nih.gov/rest/content/2022AA/CUI/C4237016","Caffeine induced sleep disorder, without use disorder"
"712","C4237037","ICD10CM","https://uts-ws.nlm.nih.gov/rest/content/2022AA/CUI/C4237037","Cannabis induced sleep disorder, without use disorder"
"713","C4237087","ICD10CM","https://uts-ws.nlm.nih.gov/rest/content/2022AA/CUI/C4237087","Cocaine induced sleep disorder, without use disorder"
"714","C4237251","ICD10CM","https://uts-ws.nlm.nih.gov/rest/content/2022AA/CUI/C4237251","Opioid induced sleep disorder, without use disorder"
"715","C0200140","SNOMEDCT_US","https://uts-ws.nlm.nih.gov/rest/content/2022AA/CUI/C0200140","Sleep apnea recording"
"716","C0522796","SNOMEDCT_US","https://uts-ws.nlm.nih.gov/rest/content/2022AA/CUI/C0522796","Sleep apnea assessment"
"717","C0522795","SNOMEDCT_US","https://uts-ws.nlm.nih.gov/rest/content/2022AA/CUI/C0522795","Sleep disorder assessment"
"718","C2963978","LNC","https://uts-ws.nlm.nih.gov/rest/content/2022AA/CUI/C2963978","I got enough sleep in past 7D"
"719","C2964237","LNC","https://uts-ws.nlm.nih.gov/rest/content/2022AA/CUI/C2964237","My sleep quality was...in past 7D"
"720","C3174011","LNC","https://uts-ws.nlm.nih.gov/rest/content/2022AA/CUI/C3174011","My cough or breathing disturbs my sleep"
"721","C2964506","LNC","https://uts-ws.nlm.nih.gov/rest/content/2022AA/CUI/C2964506","Stress disturbed my sleep in past 7D"
"722","C0424279","SNOMEDCT_US","https://uts-ws.nlm.nih.gov/rest/content/2022AA/CUI/C0424279","Low level of motor skill while sleep walking"
"723","C1561844","ICD9CM","https://uts-ws.nlm.nih.gov/rest/content/2022AA/CUI/C1561844","Circadian rhythm sleep disorder of nonorganic origin"
"724","C5203606","MTH","https://uts-ws.nlm.nih.gov/rest/content/2022AA/CUI/C5203606","Sleep duration:Time:Pt:^Patient:Qn"
"725","C0393773","MTH","https://uts-ws.nlm.nih.gov/rest/content/2022AA/CUI/C0393773","Work shift change (disorder)"
"726","C3175403","LNC","https://uts-ws.nlm.nih.gov/rest/content/2022AA/CUI/C3175403","How many separate times in your life have you had difficulty getting to sleep, staying asleep or falling back to sleep after waking up during the night, for at least 1Mo:Num:Pt:^Patient:Qn:PhenX"
"727","C1552764","MTH","https://uts-ws.nlm.nih.gov/rest/content/2022AA/CUI/C1552764","Sleep disorders unit"
"728","C0752294","MSH","https://uts-ws.nlm.nih.gov/rest/content/2022AA/CUI/C0752294","Sleep Arousal Disorders"
"729","C5552678","MTH","https://uts-ws.nlm.nih.gov/rest/content/2022AA/CUI/C5552678","Worried about health interfering with sleep before illness"
"730","C4028587","MEDCIN","https://uts-ws.nlm.nih.gov/rest/content/2022AA/CUI/C4028587","middle-night awakening with difficulty getting back to sleep"
"731","C5552616","MTH","https://uts-ws.nlm.nih.gov/rest/content/2022AA/CUI/C5552616","Worry about health interfering with sleep since illness"
"732","C3175943","LNC","https://uts-ws.nlm.nih.gov/rest/content/2022AA/CUI/C3175943","Do you usually follow the same sleep schedule, that is, no more than a 1H difference in sleep and wake times, on both work or school and non-work or school D:Find:Pt:^Patient:Ord:PhenX"
"733","C4036592","MTH","https://uts-ws.nlm.nih.gov/rest/content/2022AA/CUI/C4036592","PROMIS sleep disturbance - version 1.0 T-score:Tscore:Pt:^Patient:Qn:PROMIS"
"734","C1740997","NIC","https://uts-ws.nlm.nih.gov/rest/content/2022AA/CUI/C1740997","Identify what sleep medications patient is taking"
"735","C3175964","LNC","https://uts-ws.nlm.nih.gov/rest/content/2022AA/CUI/C3175964","Does this loss of sleep affect you the next day with respect to your mood:Find:Pt:^Patient:Ord:PhenX"
"736","C4716244","NOC","https://uts-ws.nlm.nih.gov/rest/content/2022AA/CUI/C4716244","Protects affected side during rest or sleep"
"737","C0393776","MSH","https://uts-ws.nlm.nih.gov/rest/content/2022AA/CUI/C0393776","Sleep-Related Painful Erections"
"738","C3526966","CPT","https://uts-ws.nlm.nih.gov/rest/content/2022AA/CUI/C3526966","Multiple sleep latency of wakefulness testing, recording, analysis, and interpretation of physiological measurements of sleep during multiple trials"
"739","C3526967","CPT","https://uts-ws.nlm.nih.gov/rest/content/2022AA/CUI/C3526967","Multiple sleep maintenance of wakefulness testing, recording, analysis, and interpretation of physiological measurements of sleep during multiple trials"
"740","C1456211","MTHICD9","https://uts-ws.nlm.nih.gov/rest/content/2022AA/CUI/C1456211","Dentofacial functional abnormalities caused by sleep postures"
"741","C3875849","SNOMEDCT_US","https://uts-ws.nlm.nih.gov/rest/content/2022AA/CUI/C3875849","Implantable sleep apnea treatment system pulse generator"
"742","C3875847","SNOMEDCT_US","https://uts-ws.nlm.nih.gov/rest/content/2022AA/CUI/C3875847","Implantable sleep apnea treatment system application software"
"743","C5419885","NCI","https://uts-ws.nlm.nih.gov/rest/content/2022AA/CUI/C5419885","Pruritus Sleep Disability"
"744","C3641364","NCI","https://uts-ws.nlm.nih.gov/rest/content/2022AA/CUI/C3641364","FIQR - Your Sleep"
"745","C3641550","NCI","https://uts-ws.nlm.nih.gov/rest/content/2022AA/CUI/C3641550","SIQR - Your Sleep"
"746","C3897785","NCI","https://uts-ws.nlm.nih.gov/rest/content/2022AA/CUI/C3897785","RPQ - Sleep Disturbance"
"747","C3175991","LNC","https://uts-ws.nlm.nih.gov/rest/content/2022AA/CUI/C3175991","Do attempts to change your sleep or wake schedule tend to make your sleeping difficulties worse:Find:Pt:^Patient:Ord:PhenX"
"748","C3174939","LNC","https://uts-ws.nlm.nih.gov/rest/content/2022AA/CUI/C3174939","Do you sleep with your contact lenses in"
"749","C2963987","LNC","https://uts-ws.nlm.nih.gov/rest/content/2022AA/CUI/C2963987","I had a problem with my sleep 7D"
"750","C0393771","SNOMEDCT_US","https://uts-ws.nlm.nih.gov/rest/content/2022AA/CUI/C0393771","Irregular sleep-wake pattern"
"751","C2874640","ICD10CM","https://uts-ws.nlm.nih.gov/rest/content/2022AA/CUI/C2874640","Other stimulant abuse with stimulant-induced sleep disorder"
"752","C2874659","ICD10CM","https://uts-ws.nlm.nih.gov/rest/content/2022AA/CUI/C2874659","Other stimulant dependence with stimulant-induced sleep disorder"
"753","C2874418","ICD10CM","https://uts-ws.nlm.nih.gov/rest/content/2022AA/CUI/C2874418","Alcohol use, unspecified with alcohol-induced sleep disorder"
"754","C2874467","ICD10CM","https://uts-ws.nlm.nih.gov/rest/content/2022AA/CUI/C2874467","Opioid use, unspecified with opioid-induced sleep disorder"
"755","C2874621","ICD10CM","https://uts-ws.nlm.nih.gov/rest/content/2022AA/CUI/C2874621","Cocaine use, unspecified with cocaine-induced sleep disorder"
"756","C5552731","MTH","https://uts-ws.nlm.nih.gov/rest/content/2022AA/CUI/C5552731","Continuous spike and wave during slow wave sleep syndrome"
"757","C4085947","NCI","https://uts-ws.nlm.nih.gov/rest/content/2022AA/CUI/C4085947","Almost Impossible to Get a Decent Night's Sleep"
"758","C3173773","LNC","https://uts-ws.nlm.nih.gov/rest/content/2022AA/CUI/C3173773","In the last 12Mo, how often, on average, has your sleep been disturbed due to wheezing:NRat:12Mo:^Patient:Ord:PhenX"
"759","C5552679","MTH","https://uts-ws.nlm.nih.gov/rest/content/2022AA/CUI/C5552679","Worried about health interfering with sleep before illness:Find:Pt:^Patient:Ord"
"760","C5552617","MTH","https://uts-ws.nlm.nih.gov/rest/content/2022AA/CUI/C5552617","Worry about health interfering with sleep since illness:Find:Pt:^Patient:Ord"
"761","C0710299","MTH","https://uts-ws.nlm.nih.gov/rest/content/2022AA/CUI/C0710299","diphenhydramine hydrochloride 25 MG Oral Capsule"
"762","C1285596","SNOMEDCT_US","https://uts-ws.nlm.nih.gov/rest/content/2022AA/CUI/C1285596","Sleep related observable"
"763","C3531793","SNOMEDCT_US","https://uts-ws.nlm.nih.gov/rest/content/2022AA/CUI/C3531793","Sleep related hypoxemia"
"764","C2919925","SNOMEDCT_US","https://uts-ws.nlm.nih.gov/rest/content/2022AA/CUI/C2919925","Sleep related hallucinations"
"765","C3840210","SNOMEDCT_US","https://uts-ws.nlm.nih.gov/rest/content/2022AA/CUI/C3840210","Sleep pattern unknown"
"766","C3876563","SNOMEDCT_US","https://uts-ws.nlm.nih.gov/rest/content/2022AA/CUI/C3876563","Sleep apnea pillow"
"767","C5396226","SNOMEDCT_US","https://uts-ws.nlm.nih.gov/rest/content/2022AA/CUI/C5396226","Sleep Inertia Questionnaire"
"768","C2732797","SNOMEDCT_US","https://uts-ws.nlm.nih.gov/rest/content/2022AA/CUI/C2732797","Sleep apnea clinic"
"769","C2584987","SNOMEDCT_US","https://uts-ws.nlm.nih.gov/rest/content/2022AA/CUI/C2584987","Sleep restriction therapy"
"770","C1444547","SNOMEDCT_US","https://uts-ws.nlm.nih.gov/rest/content/2022AA/CUI/C1444547","Rest/sleep surveillance"
"771","C3641752","MTH","https://uts-ws.nlm.nih.gov/rest/content/2022AA/CUI/C3641752","Trouble Sleeping (question)"
"772","C0865375","MTHICD9","https://uts-ws.nlm.nih.gov/rest/content/2022AA/CUI/C0865375","Repetitive intrusion of sleep with atypical polysomnographic features"
"773","C2964085","LNC","https://uts-ws.nlm.nih.gov/rest/content/2022AA/CUI/C2964085","I was satisfied with my sleep in past 7D"
"774","C5437698","SNOMEDCT_US","https://uts-ws.nlm.nih.gov/rest/content/2022AA/CUI/C5437698","Chronic respiratory failure due to obstructive sleep apnea"
"775","C4076097","SNOMEDCT_US","https://uts-ws.nlm.nih.gov/rest/content/2022AA/CUI/C4076097","Circadian rhythm sleep disorder of shift work type"
"776","C4237040","DSM-5","https://uts-ws.nlm.nih.gov/rest/content/2022AA/CUI/C4237040","Central sleep apnea comorbid with opioid use"
"777","C3258109","LNC","https://uts-ws.nlm.nih.gov/rest/content/2022AA/CUI/C3258109","Relative with sleep or behavior disorders diagnosed or suspected"
"778","C0236726","DSM-5","https://uts-ws.nlm.nih.gov/rest/content/2022AA/CUI/C0236726","Other (or unknown) substance-induced sleep disorder"
"779","C4237503","DSM-5","https://uts-ws.nlm.nih.gov/rest/content/2022AA/CUI/C4237503","Amphetamine (or other stimulant)-induced sleep disorder"
"780","C3698745","LNC","https://uts-ws.nlm.nih.gov/rest/content/2022AA/CUI/C3698745","My sleep quality was...in past 7D:Find:7D:^Patient:Ord:PROMIS"
"781","C3698746","LNC","https://uts-ws.nlm.nih.gov/rest/content/2022AA/CUI/C3698746","I got enough sleep in past 7D:Find:7D:^Patient:Ord:PROMIS"
"782","C3699094","LNC","https://uts-ws.nlm.nih.gov/rest/content/2022AA/CUI/C3699094","Stress disturbed my sleep in past 7D:Find:7D:^Patient:Ord:PROMIS"
"783","C3175945","LNC","https://uts-ws.nlm.nih.gov/rest/content/2022AA/CUI/C3175945","How many Hs of sleep per night do you think you need to feel fully rested the next day:NRat:Pt:^Patient:Qn:PhenX"
"784","C3169806","MTH","https://uts-ws.nlm.nih.gov/rest/content/2022AA/CUI/C3169806","PhenX - sleep disorders screener protocol:-:Point in time:^Patient:-:PhenX"
"785","C3169805","MTH","https://uts-ws.nlm.nih.gov/rest/content/2022AA/CUI/C3169805","PhenX measure - sleep disorders screener:-:Point in time:^Patient:-:PhenX"
"786","C3165829","MTH","https://uts-ws.nlm.nih.gov/rest/content/2022AA/CUI/C3165829","PhenX - respiratory - sleep apnea - adult protocol"
"787","C3165830","MTH","https://uts-ws.nlm.nih.gov/rest/content/2022AA/CUI/C3165830","PhenX - respiratory - sleep apnea - child protocol"
"788","C3175968","LNC","https://uts-ws.nlm.nih.gov/rest/content/2022AA/CUI/C3175968","Do you prefer to keep a regular sleep schedule - one that does not change much from one night to the next:Find:Pt:^Patient:Ord:PhenX"
"789","C3176012","LNC","https://uts-ws.nlm.nih.gov/rest/content/2022AA/CUI/C3176012","What is the longest period of time that you have felt this overwhelming desire to go to sleep, on most Ds:Time:Pt:^Patient:Qn:PhenX"
"790","C3709998","RXNORM","https://uts-ws.nlm.nih.gov/rest/content/2022AA/CUI/C3709998","Z-Sleep Pill"
"791","C3236477","RXNORM","https://uts-ws.nlm.nih.gov/rest/content/2022AA/CUI/C3236477","Simply Sleep Pill"
"792","C3709990","RXNORM","https://uts-ws.nlm.nih.gov/rest/content/2022AA/CUI/C3709990","ZZZ Sleep Pill"
"793","C3528831","RXNORM","https://uts-ws.nlm.nih.gov/rest/content/2022AA/CUI/C3528831","Wal-Sleep Z"
"794","C3240106","RXNORM","https://uts-ws.nlm.nih.gov/rest/content/2022AA/CUI/C3240106","Unisom Sleep Pill"
"795","C4744895","NCI","https://uts-ws.nlm.nih.gov/rest/content/2022AA/CUI/C4744895","N1 Sleep to Total Sleep Time Ratio Measurement"
"796","C4744896","NCI","https://uts-ws.nlm.nih.gov/rest/content/2022AA/CUI/C4744896","N2 Sleep to Total Sleep Time Ratio Measurement"
"797","C4744897","NCI","https://uts-ws.nlm.nih.gov/rest/content/2022AA/CUI/C4744897","N3 Sleep to Total Sleep Time Ratio Measurement"
"798","C2350587","MSH","https://uts-ws.nlm.nih.gov/rest/content/2022AA/CUI/C2350587","Sleep Phase Chronotherapy"
"799","C2717844","MSH","https://uts-ws.nlm.nih.gov/rest/content/2022AA/CUI/C2717844","Sleep Medicine Specialty"
"800","C0752287","MSH","https://uts-ws.nlm.nih.gov/rest/content/2022AA/CUI/C0752287","Sleep Disorders, Intrinsic"
"801","C0752301","MSH","https://uts-ws.nlm.nih.gov/rest/content/2022AA/CUI/C0752301","REM Sleep Parasomnias"
"802","C0751769","MSH","https://uts-ws.nlm.nih.gov/rest/content/2022AA/CUI/C0751769","Sleep Bruxism, Adult"
"803","C0751770","MSH","https://uts-ws.nlm.nih.gov/rest/content/2022AA/CUI/C0751770","Sleep Bruxism, Childhood"
"804","C0751252","MSH","https://uts-ws.nlm.nih.gov/rest/content/2022AA/CUI/C0751252","Sleep Initiation Dysfunction"
"805","C0752293","MSH","https://uts-ws.nlm.nih.gov/rest/content/2022AA/CUI/C0752293","Sleep Disorders, Extrinsic"
"806","C0751947","MSH","https://uts-ws.nlm.nih.gov/rest/content/2022AA/CUI/C0751947","Sensory Paroxysms, Sleep"
"807","C0752288","MSH","https://uts-ws.nlm.nih.gov/rest/content/2022AA/CUI/C0752288","Adjustment Sleep Disorder"
"808","C3699085","LNC","https://uts-ws.nlm.nih.gov/rest/content/2022AA/CUI/C3699085","I had a problem with my sleep 7D:Find:7D:^Patient:Ord:PROMIS"
"809","C5566687","SNOMEDCT_US","https://uts-ws.nlm.nih.gov/rest/content/2022AA/CUI/C5566687","Sleep medicine service"
"810","C3175970","LNC","https://uts-ws.nlm.nih.gov/rest/content/2022AA/CUI/C3175970","If you do not keep your regular sleep schedule, how much do you feel off - not your regular self, the next day:Find:Pt:^Patient:Ord:PhenX"
"811","C2231106","SNOMEDCT_US","https://uts-ws.nlm.nih.gov/rest/content/2022AA/CUI/C2231106","Sleep related movement disorder"
"812","C4703574","HPO","https://uts-ws.nlm.nih.gov/rest/content/2022AA/CUI/C4703574","Sleep-wake inversion"
"813","C4041168","SNOMEDCT_US","https://uts-ws.nlm.nih.gov/rest/content/2022AA/CUI/C4041168","Provision of bedtime routine"
"814","C4237085","DSM-5","https://uts-ws.nlm.nih.gov/rest/content/2022AA/CUI/C4237085","Cocaine-induced sleep disorder, With mild use disorder"
"815","C4237014","DSM-5","https://uts-ws.nlm.nih.gov/rest/content/2022AA/CUI/C4237014","Caffeine-induced sleep disorder, With mild use disorder"
"816","C4237035","DSM-5","https://uts-ws.nlm.nih.gov/rest/content/2022AA/CUI/C4237035","Cannabis-induced sleep disorder, With mild use disorder"
"817","C4237249","DSM-5","https://uts-ws.nlm.nih.gov/rest/content/2022AA/CUI/C4237249","Opioid-induced sleep disorder, With mild use disorder"
"818","C4236953","DSM-5","https://uts-ws.nlm.nih.gov/rest/content/2022AA/CUI/C4236953","Alcohol-induced sleep disorder, With mild use disorder"
"819","C4020625","USPMG","https://uts-ws.nlm.nih.gov/rest/content/2022AA/CUI/C4020625","Sleep Disorder Agents"
"820","C0547104","PCDS","https://uts-ws.nlm.nih.gov/rest/content/2022AA/CUI/C0547104","Assess previously attempted sleep rituals and their effectiveness."
"821","C0547103","PCDS","https://uts-ws.nlm.nih.gov/rest/content/2022AA/CUI/C0547103","Assess factors that increase risk for sleep disturbance."
"822","C4054766","NCI","https://uts-ws.nlm.nih.gov/rest/content/2022AA/CUI/C4054766","Hours of Actual Sleep at Night"
"823","C2034430","MEDCIN","https://uts-ws.nlm.nih.gov/rest/content/2022AA/CUI/C2034430","parental concerns nighttime wandering (not sleep walking)"
"824","C3837186","MEDCIN","https://uts-ws.nlm.nih.gov/rest/content/2022AA/CUI/C3837186","idiopathic organic hypersomnia without long sleep time"
"825","C3694161","MEDCIN","https://uts-ws.nlm.nih.gov/rest/content/2022AA/CUI/C3694161","nonorganic circadian rhythm sleep disorder, frequently changing"
"826","C2365151","MMSL","https://uts-ws.nlm.nih.gov/rest/content/2022AA/CUI/C2365151","Sleep-ettes D"
"827","C4519599","MMSL","https://uts-ws.nlm.nih.gov/rest/content/2022AA/CUI/C4519599","Advanced Sleep Melatonin"
"828","C4084897","MTH","https://uts-ws.nlm.nih.gov/rest/content/2022AA/CUI/C4084897","Sleep Disturbance Subordinate Domain"
"829","C5455254","GS","https://uts-ws.nlm.nih.gov/rest/content/2022AA/CUI/C5455254","Relax & Sleep Tablet"
"830","C0723366","MMSL","https://uts-ws.nlm.nih.gov/rest/content/2022AA/CUI/C0723366","Sleep Tab II"
"831","C0723368","MMSL","https://uts-ws.nlm.nih.gov/rest/content/2022AA/CUI/C0723368","Sleep-Eze-3"
"832","C4530771","MMSL","https://uts-ws.nlm.nih.gov/rest/content/2022AA/CUI/C4530771","Nighttime Sleep Aid"
"833","C0723364","MMSL","https://uts-ws.nlm.nih.gov/rest/content/2022AA/CUI/C0723364","Sleep Aid (Doxylamine)"
"834","C5187966","MMSL","https://uts-ws.nlm.nih.gov/rest/content/2022AA/CUI/C5187966","Unisom Sleep Gels"
"835","C5448690","MMSL","https://uts-ws.nlm.nih.gov/rest/content/2022AA/CUI/C5448690","SlowMag Calm + Sleep"
"836","C0723363","MMSL","https://uts-ws.nlm.nih.gov/rest/content/2022AA/CUI/C0723363","Sleep Aid (Diphenhydramine)"
"837","C3176027","LNC","https://uts-ws.nlm.nih.gov/rest/content/2022AA/CUI/C3176027","Describe refreshing sleep:Find:Pt:^Patient:Nom:PhenX"
"838","C3176519","LNC","https://uts-ws.nlm.nih.gov/rest/content/2022AA/CUI/C3176519","How many Hs do you normally sleep:Time:Pt:^Patient:Qn:DI-PAD CGP V 1.4"
"839","C3176006","LNC","https://uts-ws.nlm.nih.gov/rest/content/2022AA/CUI/C3176006","Has your difficulty with sleeping occurred or worsened during pregnancy:Find:Pt:^Patient:Ord:PhenX"
"840","C3176076","LNC","https://uts-ws.nlm.nih.gov/rest/content/2022AA/CUI/C3176076","Do you have any memory of these events:Find:Pt:^Patient:Ord:PhenX"
"841","C3176008","LNC","https://uts-ws.nlm.nih.gov/rest/content/2022AA/CUI/C3176008","Has your difficulty with sleeping occurred or worsened during menopause:Find:Pt:^Patient:Ord:PhenX"
"842","C3174108","LNC","https://uts-ws.nlm.nih.gov/rest/content/2022AA/CUI/C3174108","Does your child have restless sleep:Find:Pt:^Patient:Ord:PhenX"
"843","C3176535","LNC","https://uts-ws.nlm.nih.gov/rest/content/2022AA/CUI/C3176535","Reduced need for sleep:Find:Pt:^Patient:Ord:DI-PAD CGP V 1.4"
"844","C3175020","LNC","https://uts-ws.nlm.nih.gov/rest/content/2022AA/CUI/C3175020","I worry about sleeping alone:Find:Pt:^Patient:Ord:SCARED-R"
"845","C0510077","NIC","https://uts-ws.nlm.nih.gov/rest/content/2022AA/CUI/C0510077","Determine the effects of the patient's medications on sleep pattern"
"846","C0393775","SNOMEDCT_US","https://uts-ws.nlm.nih.gov/rest/content/2022AA/CUI/C0393775","Sleep-related head banging"
"847","C1561865","ICD10CM","https://uts-ws.nlm.nih.gov/rest/content/2022AA/CUI/C1561865","Sleep related hypoxia"
"848","C1096412","MDR","https://uts-ws.nlm.nih.gov/rest/content/2022AA/CUI/C1096412","Sleep study abnormal"
"849","C1095961","MDR","https://uts-ws.nlm.nih.gov/rest/content/2022AA/CUI/C1095961","Sleep study normal"
"850","C0852564","MDR","https://uts-ws.nlm.nih.gov/rest/content/2022AA/CUI/C0852564","Sleep disorders NEC"
"851","C3699077","LNC","https://uts-ws.nlm.nih.gov/rest/content/2022AA/CUI/C3699077","I was satisfied with my sleep in past 7D:Find:7D:^Patient:Ord:PROMIS"
"852","C0513648","NIC","https://uts-ws.nlm.nih.gov/rest/content/2022AA/CUI/C0513648","Monitor patient's sleep pattern, and note physical (e.g., sleep apnea, obstructed airway, pain/discomfort, and urinary frequency) and/or psychological (e.g., fear or anxiety) circumstances that interrupt sleep"
"853","C3174228","LNC","https://uts-ws.nlm.nih.gov/rest/content/2022AA/CUI/C3174228","Have you ever had frequent problems getting to sleep at the beginning of the night which has negatively affected how you function during the following day:Find:Pt:^Patient:Ord:PhenX"
"854","C4039290","SNOMEDCT_US","https://uts-ws.nlm.nih.gov/rest/content/2022AA/CUI/C4039290","Acute hypercapnic respiratory failure due to obstructive sleep apnea"
"855","C0837173","ICD10AM","https://uts-ws.nlm.nih.gov/rest/content/2022AA/CUI/C0837173","Sleep hypoventilation syndrome"
"856","C1838675","OMIM","https://uts-ws.nlm.nih.gov/rest/content/2022AA/CUI/C1838675","Sleep impairment, progressive"
"857","C1854818","OMIM","https://uts-ws.nlm.nih.gov/rest/content/2022AA/CUI/C1854818","Sleep disturbances common"
"858","C2674748","OMIM","https://uts-ws.nlm.nih.gov/rest/content/2022AA/CUI/C2674748","Sleep-onset REM"
"859","C3175962","LNC","https://uts-ws.nlm.nih.gov/rest/content/2022AA/CUI/C3175962","How difficult is it for you to adapt to a sleep loss of 3H or more - sleeping 3 or more H less than you normally do the night before:Find:Pt:^Patient:Ord:PhenX"
"860","C3174232","LNC","https://uts-ws.nlm.nih.gov/rest/content/2022AA/CUI/C3174232","Have you ever had frequent problems falling back to sleep after waking in the middle of the night which has negatively affected how you function during the following day:Find:Pt:^Patient:Ord:PhenX"
"861","C4747909","OMIM","https://uts-ws.nlm.nih.gov/rest/content/2022AA/CUI/C4747909","Continuous slow spike and wave activity during sleep"
"862","C2220020","MEDCIN","https://uts-ws.nlm.nih.gov/rest/content/2022AA/CUI/C2220020","mismatch of sleep-wake schedule with lifestyle needs"
"863","C2013965","MEDCIN","https://uts-ws.nlm.nih.gov/rest/content/2022AA/CUI/C2013965","organic central sleep apnea in conditions classified elsewhere"
"864","C2078976","MEDCIN","https://uts-ws.nlm.nih.gov/rest/content/2022AA/CUI/C2078976","involuntary movements during sleep with vivid dream recall"
"865","C2188215","MEDCIN","https://uts-ws.nlm.nih.gov/rest/content/2022AA/CUI/C2188215","sleep disorder due to withdrawal from unspecified substance"
"866","C1963717","MDR","https://uts-ws.nlm.nih.gov/rest/content/2022AA/CUI/C1963717","Sleep-related eating disorder"
"867","C4034246","MTH","https://uts-ws.nlm.nih.gov/rest/content/2022AA/CUI/C4034246","PROMIS sleep related impairment - version 1.0 T-score"
"868","C3176997","LNC","https://uts-ws.nlm.nih.gov/rest/content/2022AA/CUI/C3176997","End time - right before going to sleep"
"869","C3176520","LNC","https://uts-ws.nlm.nih.gov/rest/content/2022AA/CUI/C3176520","How many Hs do you normally sleep"
"870","C0751510","MSH","https://uts-ws.nlm.nih.gov/rest/content/2022AA/CUI/C0751510","Sleep-Related Neurogenic Tachypnea"
"871","C2939350","CPT","https://uts-ws.nlm.nih.gov/rest/content/2022AA/CUI/C2939350","Patient (or caregiver) queried about sleep disturbances (Prkns)"
"872","C2931865","MSH","https://uts-ws.nlm.nih.gov/rest/content/2022AA/CUI/C2931865","Irresistible sleepiness, cataplexy and onset of sleep in desynchronized phase"
"873","C4014419","SNOMEDCT_US","https://uts-ws.nlm.nih.gov/rest/content/2022AA/CUI/C4014419","AHDC1-related intellectual disability, obstructive sleep apnea, mild dysmorphism syndrome"
"874","C0723362","MTH","https://uts-ws.nlm.nih.gov/rest/content/2022AA/CUI/C0723362","Sleep brand of diphenhydramine hydrochloride"
"875","C2013967","MEDCIN","https://uts-ws.nlm.nih.gov/rest/content/2022AA/CUI/C2013967","organic circadian rhythm sleep disorder in conditions classified elsewhere"
"876","C3509431","MEDCIN","https://uts-ws.nlm.nih.gov/rest/content/2022AA/CUI/C3509431","psychoactive substance dependence with psychoactive substance-induced sleep disorder"
"877","C3509440","MEDCIN","https://uts-ws.nlm.nih.gov/rest/content/2022AA/CUI/C3509440","psychoactive substance abuse with psychoactive substance-induced sleep disorder"
"878","C3646504","MEDCIN","https://uts-ws.nlm.nih.gov/rest/content/2022AA/CUI/C3646504","psychoactive substance use with pyschoactive substance-induced sleep disorder"
"879","C4237414","DSM-5","https://uts-ws.nlm.nih.gov/rest/content/2022AA/CUI/C4237414","Sleep-related hypoventilation, Comorbid sleep-related hypoventilation"
"880","C1997502","SNOMEDCT_US","https://uts-ws.nlm.nih.gov/rest/content/2022AA/CUI/C1997502","Sleep-related dissociative disorder"
"881","C5451933","LNC","https://uts-ws.nlm.nih.gov/rest/content/2022AA/CUI/C5451933","Sleep total score"
"882","C1719236","LNC","https://uts-ws.nlm.nih.gov/rest/content/2022AA/CUI/C1719236","Sleep-cycle issues"
"883","C4697086","LNC","https://uts-ws.nlm.nih.gov/rest/content/2022AA/CUI/C4697086","Sleep medicine Physician"
"884","C4034314","LNC","https://uts-ws.nlm.nih.gov/rest/content/2022AA/CUI/C4034314","Sleep disturbances indicator"
"885","C1635000","LNC","https://uts-ws.nlm.nih.gov/rest/content/2022AA/CUI/C1635000","Sleep deprivation:Find:Pt:^Patient:Ord:Observed.CCC"
"886","C3484124","MTH","https://uts-ws.nlm.nih.gov/rest/content/2022AA/CUI/C3484124","PROMIS-29 - sleep disturbance - T score:Number:Point in time:^Patient:Quantitative:PROMIS"
"887","C3484125","MTH","https://uts-ws.nlm.nih.gov/rest/content/2022AA/CUI/C3484125","PROMIS-29 - sleep disturbance - raw score:Number:Point in time:^Patient:Quantitative:PROMIS"
"888","C4036593","MTH","https://uts-ws.nlm.nih.gov/rest/content/2022AA/CUI/C4036593","PROMIS sleep related impairment - version 1.0 T-score:Tscore:Pt:^Patient:Qn:PROMIS"
"889","C4291861","CPT","https://uts-ws.nlm.nih.gov/rest/content/2022AA/CUI/C4291861","Repositioning of neurostimulator system for treatment of central sleep apnea"
"890","C4291860","CPT","https://uts-ws.nlm.nih.gov/rest/content/2022AA/CUI/C4291860","Removal of neurostimulator system for treatment of central sleep apnea"
"891","C0752299","MTH","https://uts-ws.nlm.nih.gov/rest/content/2022AA/CUI/C0752299","Sleep Wake Transition Disorders"
"892","C5570895","LNC","https://uts-ws.nlm.nih.gov/rest/content/2022AA/CUI/C5570895","I sleep less well because of my back."
"893","C1561817","ICD9CM","https://uts-ws.nlm.nih.gov/rest/content/2022AA/CUI/C1561817","Disruption of 24 hour sleep wake cycle, unspecified"
"894","C4062596","NANDA-I","https://uts-ws.nlm.nih.gov/rest/content/2022AA/CUI/C4062596","Sleep-related enuresis"
"895","C3646146","MEDCIN","https://uts-ws.nlm.nih.gov/rest/content/2022AA/CUI/C3646146","sleep disorder not due to substance or known physiological condition"
"896","C1822188","NOC","https://uts-ws.nlm.nih.gov/rest/content/2022AA/CUI/C1822188","Sleep routine maintained"
"897","C1160979","ALT","https://uts-ws.nlm.nih.gov/rest/content/2022AA/CUI/C1160979","Sleep pattern assistance"
"898","C0886029","ALT","https://uts-ws.nlm.nih.gov/rest/content/2022AA/CUI/C0886029","Sleep pattern education"
"899","C0871377","PSY","https://uts-ws.nlm.nih.gov/rest/content/2022AA/CUI/C0871377","Sleep Inducing Drugs"
"900","C3151364","MTH","https://uts-ws.nlm.nih.gov/rest/content/2022AA/CUI/C3151364","PARASOMNIA, SLEEP TERRORS TYPE"
"901","C2013989","MTH","https://uts-ws.nlm.nih.gov/rest/content/2022AA/CUI/C2013989","organic sleep-related bruxism"
"902","C3169356","MTH","https://uts-ws.nlm.nih.gov/rest/content/2022AA/CUI/C3169356","PhenX measure - respiratory - sleep apnea:-:Point in time:^Patient:-:PhenX"
"903","C4086654","NCI","https://uts-ws.nlm.nih.gov/rest/content/2022AA/CUI/C4086654","Occasionally Have Trouble Getting to Sleep and Staying Asleep"
"904","C2964391","MTH","https://uts-ws.nlm.nih.gov/rest/content/2022AA/CUI/C2964391","PROMIS item bank - sleep disturbance - version 1.0"
"905","C1842025","MSH","https://uts-ws.nlm.nih.gov/rest/content/2022AA/CUI/C1842025","Glaucoma and Sleep Apnea"
"906","C0200136","SNOMEDCT_US","https://uts-ws.nlm.nih.gov/rest/content/2022AA/CUI/C0200136","Sleep disorder function test"
"907","C0430628","SNOMEDCT_US","https://uts-ws.nlm.nih.gov/rest/content/2022AA/CUI/C0430628","Sleep-related breathing test"
"908","C1833362","HPO","https://uts-ws.nlm.nih.gov/rest/content/2022AA/CUI/C1833362","Sleep-wake cycle disturbance"
"909","C0430794","SNOMEDCT_US","https://uts-ws.nlm.nih.gov/rest/content/2022AA/CUI/C0430794","Sleep EEG during polysomnography"
"910","C3173261","LNC","https://uts-ws.nlm.nih.gov/rest/content/2022AA/CUI/C3173261","Does your child usually sleep with the mouth open"
"911","C4264367","LNC","https://uts-ws.nlm.nih.gov/rest/content/2022AA/CUI/C4264367","My sleep is moderately disturbed (2-3 hrs sleepless)."
"912","C4264335","LNC","https://uts-ws.nlm.nih.gov/rest/content/2022AA/CUI/C4264335","My sleep is mildly disturbed (1-2 hrs sleepless)."
"913","C4264366","LNC","https://uts-ws.nlm.nih.gov/rest/content/2022AA/CUI/C4264366","My sleep is greatly disturbed (3-5 hrs sleepless)."
"914","C4264365","LNC","https://uts-ws.nlm.nih.gov/rest/content/2022AA/CUI/C4264365","My sleep is completely disturbed (5-7 hrs sleepless)."
"915","C2021282","MEDCIN","https://uts-ws.nlm.nih.gov/rest/content/2022AA/CUI/C2021282","sleep study reversal of rapid eye movement/nonrapid eye movement order"
"916","C2229355","MEDCIN","https://uts-ws.nlm.nih.gov/rest/content/2022AA/CUI/C2229355","sleep disorder during intoxication with specified sedative, hypnotic, or anxiolytic drug"
"917","C2229356","MEDCIN","https://uts-ws.nlm.nih.gov/rest/content/2022AA/CUI/C2229356","sleep disorder during withdrawal from specified sedative, hypnotic, or anxiolytic drug"
"918","C5415697","CPT","https://uts-ws.nlm.nih.gov/rest/content/2022AA/CUI/C5415697","Polysomnography, sleep staging with 1-3 additional parameters of sleep, attended by a technologist"
"919","C4268219","ICD10CM","https://uts-ws.nlm.nih.gov/rest/content/2022AA/CUI/C4268219","Cannabis use disorder, severe, with cannabis-induced sleep disorder"
"920","C4268217","ICD10CM","https://uts-ws.nlm.nih.gov/rest/content/2022AA/CUI/C4268217","Cannabis use disorder, mild, with cannabis-induced sleep disorder"
"921","C4268218","ICD10CM","https://uts-ws.nlm.nih.gov/rest/content/2022AA/CUI/C4268218","Cannabis use disorder, moderate, with cannabis-induced sleep disorder"
"922","C2874677","ICD10CM","https://uts-ws.nlm.nih.gov/rest/content/2022AA/CUI/C2874677","Other stimulant use, unspecified with stimulant-induced sleep disorder"
"923","C1561852","ICD9CM","https://uts-ws.nlm.nih.gov/rest/content/2022AA/CUI/C1561852","Organic disorders of initiating and maintaining sleep [Organic insomnia]"
"924","C4331260","NCI","https://uts-ws.nlm.nih.gov/rest/content/2022AA/CUI/C4331260","Ringing or Other Noises Did Not Wake Me From Sleep"
"925","C0811816","NIC","https://uts-ws.nlm.nih.gov/rest/content/2022AA/CUI/C0811816","Promote adequate rest and sleep to facilitate nausea relief"
"926","C4712140","NIC","https://uts-ws.nlm.nih.gov/rest/content/2022AA/CUI/C4712140","Encourage parent to let the infant sleep during care"
"927","C4711159","NIC","https://uts-ws.nlm.nih.gov/rest/content/2022AA/CUI/C4711159","Offer aids to promote sleep (e.g., music or medications)"
"928","C3175984","LNC","https://uts-ws.nlm.nih.gov/rest/content/2022AA/CUI/C3175984","Are these usual sleep and wake times always about the same - each day during a week of vacation:Find:Pt:^Patient:Ord:PhenX"
"929","C3173184","LNC","https://uts-ws.nlm.nih.gov/rest/content/2022AA/CUI/C3173184","In the last 12Mo, how often, on average, has your childs sleep been disturbed due to wheezing:Find:12Mo:^Patient:Ord:PhenX"
"930","C4710670","NIC","https://uts-ws.nlm.nih.gov/rest/content/2022AA/CUI/C4710670","Determine appropriate management technique for sleep disturbance or disorder"
"931","C3828856","NCI","https://uts-ws.nlm.nih.gov/rest/content/2022AA/CUI/C3828856","Nausea Affected Sleep During Past 24 Hours"
"932","C2964041","LNC","https://uts-ws.nlm.nih.gov/rest/content/2022AA/CUI/C2964041","I tried hard to get to sleep in past 7D"
"933","C3166606","LNC","https://uts-ws.nlm.nih.gov/rest/content/2022AA/CUI/C3166606","What is your normal work or school and sleep schedule"
"934","C2964032","LNC","https://uts-ws.nlm.nih.gov/rest/content/2022AA/CUI/C2964032","I needed to sleep during the day in past 7D"
"935","C1449345","MTH","https://uts-ws.nlm.nih.gov/rest/content/2022AA/CUI/C1449345","TSC22D3 protein, human"
"936","C0748842","CCPSS","https://uts-ws.nlm.nih.gov/rest/content/2022AA/CUI/C0748842","SLEEP APNEA PRESUMPTIVE"
"937","C0946389","CPM","https://uts-ws.nlm.nih.gov/rest/content/2022AA/CUI/C0946389","Sleep and Rest Pattern:knowledge"
"938","C0946388","CPM","https://uts-ws.nlm.nih.gov/rest/content/2022AA/CUI/C0946388","Sleep and Rest Pattern:behavior"
"939","C0946390","CPM","https://uts-ws.nlm.nih.gov/rest/content/2022AA/CUI/C0946390","Sleep and Rest Pattern:status"
"940","C3828668","NCI","https://uts-ws.nlm.nih.gov/rest/content/2022AA/CUI/C3828668","Pain Interferes with Sleep"
"941","C3639740","NCI","https://uts-ws.nlm.nih.gov/rest/content/2022AA/CUI/C3639740","RDQ - Sleep Less Well"
"942","C3639427","NCI","https://uts-ws.nlm.nih.gov/rest/content/2022AA/CUI/C3639427","MDS-UPDRS - Sleep Problems"
"943","C4743759","NCI","https://uts-ws.nlm.nih.gov/rest/content/2022AA/CUI/C4743759","N3 Sleep Phase Duration"
"944","C4055094","NCI","https://uts-ws.nlm.nih.gov/rest/content/2022AA/CUI/C4055094","EXACT - Night Sleep Disturbed"
"945","C4743757","NCI","https://uts-ws.nlm.nih.gov/rest/content/2022AA/CUI/C4743757","N1 Sleep Phase Duration"
"946","C4743758","NCI","https://uts-ws.nlm.nih.gov/rest/content/2022AA/CUI/C4743758","N2 Sleep Phase Duration"
"947","C4744000","NCI","https://uts-ws.nlm.nih.gov/rest/content/2022AA/CUI/C4744000","CDRS-R - Sleep Disturbance"
"948","C4744894","NCI","https://uts-ws.nlm.nih.gov/rest/content/2022AA/CUI/C4744894","Wake After Sleep Onset"
"949","C4710669","NIC","https://uts-ws.nlm.nih.gov/rest/content/2022AA/CUI/C4710669","Assisting parent in identifying presence of sleep disturbance or disorder"
"950","C3257889","MTH","https://uts-ws.nlm.nih.gov/rest/content/2022AA/CUI/C3257889","Neuro-Qol item bank - sleep disturbance - version 1.0"
"951","C3475992","LNC","https://uts-ws.nlm.nih.gov/rest/content/2022AA/CUI/C3475992","I need to sleep during the day in the past 7D"
"952","C3175918","LNC","https://uts-ws.nlm.nih.gov/rest/content/2022AA/CUI/C3175918","What is your normal work or school and sleep schedule:Find:Pt:^Patient:Nom:PhenX"
"953","C3176359","LNC","https://uts-ws.nlm.nih.gov/rest/content/2022AA/CUI/C3176359","Relative with sleep or behavior disorders diagnosed or suspected:Find:Pt:^Family member:Nom:PhenX"
"954","C5233206","OMIM","https://uts-ws.nlm.nih.gov/rest/content/2022AA/CUI/C5233206","Shortened sleep cycle (average 5.7 hours per night)"
"955","C3661950","SNOMEDCT_US","https://uts-ws.nlm.nih.gov/rest/content/2022AA/CUI/C3661950","Sleep disturbance in infancy"
"956","C1279737","SNOMEDCT_US","https://uts-ws.nlm.nih.gov/rest/content/2022AA/CUI/C1279737","Sleep and rest interventions"
"957","C3872752","SNOMEDCT_US","https://uts-ws.nlm.nih.gov/rest/content/2022AA/CUI/C3872752","Sleep apnea palate implant"
"958","C3532945","SNOMEDCT_US","https://uts-ws.nlm.nih.gov/rest/content/2022AA/CUI/C3532945","Sleep disorder care management"
"959","C3872738","SNOMEDCT_US","https://uts-ws.nlm.nih.gov/rest/content/2022AA/CUI/C3872738","Sleep apnea tongue implant"
"960","C1444490","SNOMEDCT_US","https://uts-ws.nlm.nih.gov/rest/content/2022AA/CUI/C1444490","Rest/sleep case management"
"961","C3175995","LNC","https://uts-ws.nlm.nih.gov/rest/content/2022AA/CUI/C3175995","How old were you when you first began going to sleep very late without being able to adjust your schedule when you tried:Time:Pt:^Patient:Qn:PhenX"
"962","C4711981","NIC","https://uts-ws.nlm.nih.gov/rest/content/2022AA/CUI/C4711981","Swaddle newborn to promote sleep and provide a sense of security"
"963","C3699093","LNC","https://uts-ws.nlm.nih.gov/rest/content/2022AA/CUI/C3699093","I tried hard to get to sleep in past 7D:Find:7D:^Patient:Ord:PROMIS"
"964","C3698992","LNC","https://uts-ws.nlm.nih.gov/rest/content/2022AA/CUI/C3698992","I needed to sleep during the day in past 7D:Find:7D:^Patient:Ord:PROMIS"
"965","C4071366","LNC","https://uts-ws.nlm.nih.gov/rest/content/2022AA/CUI/C4071366","I needed to sleep during the day in past 7D:Find:7D:^Patient:Ord:PROMIS.PEDS"
"966","C3693951","MEDCIN","https://uts-ws.nlm.nih.gov/rest/content/2022AA/CUI/C3693951","nursing goals sleep/rest achieve adequate rest-sleep pattern"
"967","C0374426","CPT","https://uts-ws.nlm.nih.gov/rest/content/2022AA/CUI/C0374426","Polysomnography; any age, sleep staging with 1-3 additional parameters of sleep, attended by a technologist"
"968","C3693456","MEDCIN","https://uts-ws.nlm.nih.gov/rest/content/2022AA/CUI/C3693456","Parasomnia in conditions classified elsewhere"
"969","C4237225","ICD10CM","https://uts-ws.nlm.nih.gov/rest/content/2022AA/CUI/C4237225","Non-rapid eye movement sleep arousal disorders, sleepwalking type"
"970","C3259716","LNC","https://uts-ws.nlm.nih.gov/rest/content/2022AA/CUI/C3259716","I needed to sleep during the day in the past 7D:Find:7D:^Patient:Ord:NeuroQol"
"971","C3482896","LNC","https://uts-ws.nlm.nih.gov/rest/content/2022AA/CUI/C3482896","I need to sleep during the day in the past 7D:Find:7D:^Patient:Ord:FACIT"
"972","C3483650","LNC","https://uts-ws.nlm.nih.gov/rest/content/2022AA/CUI/C3483650","I needed to sleep during the day in the past 7D:Find:7D:^Patient:Ord:FACIT"
"973","C0236916","MTH","https://uts-ws.nlm.nih.gov/rest/content/2022AA/CUI/C0236916","Sedative-Induced Sleep Disorder"
"974","C0236915","MTH","https://uts-ws.nlm.nih.gov/rest/content/2022AA/CUI/C0236915","Hypnotic-Induced Sleep Disorder"
"975","C3262054","LNC","https://uts-ws.nlm.nih.gov/rest/content/2022AA/CUI/C3262054","I needed to sleep during the day in the past 7D:Find:7D:^Patient:Ord:NeuroQol.Peds"
"976","C3240105","RXNORM","https://uts-ws.nlm.nih.gov/rest/content/2022AA/CUI/C3240105","Unisom Sleep Oral Product"
"977","C3709997","RXNORM","https://uts-ws.nlm.nih.gov/rest/content/2022AA/CUI/C3709997","Z-Sleep Oral Product"
"978","C3236476","RXNORM","https://uts-ws.nlm.nih.gov/rest/content/2022AA/CUI/C3236476","Simply Sleep Oral Product"
"979","C3528835","RXNORM","https://uts-ws.nlm.nih.gov/rest/content/2022AA/CUI/C3528835","Wal-Sleep Z Pill"
"980","C3666557","RXNORM","https://uts-ws.nlm.nih.gov/rest/content/2022AA/CUI/C3666557","ZZZ Sleep Oral Product"
"981","C4237449","DSM-5","https://uts-ws.nlm.nih.gov/rest/content/2022AA/CUI/C4237449","Tobacco-induced sleep disorder, With moderate or severe use disorder"
"982","C4237036","DSM-5","https://uts-ws.nlm.nih.gov/rest/content/2022AA/CUI/C4237036","Cannabis-induced sleep disorder, With moderate or severe use disorder"
"983","C4237250","DSM-5","https://uts-ws.nlm.nih.gov/rest/content/2022AA/CUI/C4237250","Opioid-induced sleep disorder, With moderate or severe use disorder"
"984","C4236954","DSM-5","https://uts-ws.nlm.nih.gov/rest/content/2022AA/CUI/C4236954","Alcohol-induced sleep disorder, With moderate or severe use disorder"
"985","C4237015","DSM-5","https://uts-ws.nlm.nih.gov/rest/content/2022AA/CUI/C4237015","Caffeine-induced sleep disorder, With moderate or severe use disorder"
"986","C4237086","DSM-5","https://uts-ws.nlm.nih.gov/rest/content/2022AA/CUI/C4237086","Cocaine-induced sleep disorder, With moderate or severe use disorder"
"987","C0011228","MSH","https://uts-ws.nlm.nih.gov/rest/content/2022AA/CUI/C0011228","Delta Sleep-Inducing Peptide"
"988","C0074666","MSH","https://uts-ws.nlm.nih.gov/rest/content/2022AA/CUI/C0074666","sleep-promoting factor S"
"989","C0752297","MSH","https://uts-ws.nlm.nih.gov/rest/content/2022AA/CUI/C0752297","Nocturnal Sleep Head Banging"
"990","C0751763","MSH","https://uts-ws.nlm.nih.gov/rest/content/2022AA/CUI/C0751763","Central Sleep Apnea, Secondary"
"991","C1364797","RXNORM","https://uts-ws.nlm.nih.gov/rest/content/2022AA/CUI/C1364797","diphenhydramine hydrochloride 1.67 MG/ML Oral Solution"
"992","C3668963","MTH","https://uts-ws.nlm.nih.gov/rest/content/2022AA/CUI/C3668963","PROMIS item bank - sleep disturbance - version 1.0:-:Pt:^Patient:-:PROMIS"
"993","C4694280","MTHSPL","https://uts-ws.nlm.nih.gov/rest/content/2022AA/CUI/C4694280","Menopause Plus Sleep KIT"
"994","C3174010","LNC","https://uts-ws.nlm.nih.gov/rest/content/2022AA/CUI/C3174010","My cough or breathing disturbs my sleep:Find:Pt:^Patient:Ord:PhenX"
"995","C3174234","LNC","https://uts-ws.nlm.nih.gov/rest/content/2022AA/CUI/C3174234","In the past Y, have you had difficulty getting to sleep:Find:1Y:^Patient:Ord:PhenX"
"996","C3175405","LNC","https://uts-ws.nlm.nih.gov/rest/content/2022AA/CUI/C3175405","How old were you when you first experienced this kind of difficulty with sleeping, for at least 1Mo:Time:Pt:^Patient:Qn:PhenX"
"997","C3175401","LNC","https://uts-ws.nlm.nih.gov/rest/content/2022AA/CUI/C3175401","Has your difficulty with sleeping occurred or worsened during menstruation:Find:Pt:^Patient:Ord:PhenX"
"998","C3175407","LNC","https://uts-ws.nlm.nih.gov/rest/content/2022AA/CUI/C3175407","How old were you the last time you experienced this insomnia, for at least 1Mo:Time:Pt:^Patient:Qn:PhenX"
"999","C3176010","LNC","https://uts-ws.nlm.nih.gov/rest/content/2022AA/CUI/C3176010","Has your difficulty with sleeping occurred or worsened during a few Ds before menstruation:Find:Pt:^Patient:Ord:PhenX"
"1000","C2750549","OMIM","https://uts-ws.nlm.nih.gov/rest/content/2022AA/CUI/C2750549","Mean sleep latency is less than 5 to 8 minutes"
"1001","C2751815","OMIM","https://uts-ws.nlm.nih.gov/rest/content/2022AA/CUI/C2751815","Shorter daily total sleep times compared to age-matched controls"
"1002","C1561888","ICD10CM","https://uts-ws.nlm.nih.gov/rest/content/2022AA/CUI/C1561888","Sleep related leg cramps"
"1003","C4272819","MEDCIN","https://uts-ws.nlm.nih.gov/rest/content/2022AA/CUI/C4272819","programming of implantable neurostimulator for central sleep apnea, single session"
"1004","C4272814","MEDCIN","https://uts-ws.nlm.nih.gov/rest/content/2022AA/CUI/C4272814","replacement of complete implantable neurostimulator system for central sleep apnea"
"1005","C4272824","MEDCIN","https://uts-ws.nlm.nih.gov/rest/content/2022AA/CUI/C4272824","insertion of complete implantable neurostimulator system for central sleep apnea"
"1006","C2017974","MEDCIN","https://uts-ws.nlm.nih.gov/rest/content/2022AA/CUI/C2017974","sleep disorder induced by specified sedative, hypnotic, or anxiolytic drug"
"1007","C1139731","UMD","https://uts-ws.nlm.nih.gov/rest/content/2022AA/CUI/C1139731","Recorders, Physiologic, Sleep/Awake"
"1008","C0723365","MMSL","https://uts-ws.nlm.nih.gov/rest/content/2022AA/CUI/C0723365","Sleep Aid with APAP"
"1009","C5572680","MMSL","https://uts-ws.nlm.nih.gov/rest/content/2022AA/CUI/C5572680","Melatonin Sleep Time Release"
"1010","C3535127","MMSL","https://uts-ws.nlm.nih.gov/rest/content/2022AA/CUI/C3535127","Provent Sleep Apnea Therapy"
"1011","C0939405","MMSL","https://uts-ws.nlm.nih.gov/rest/content/2022AA/CUI/C0939405","Night Time Sleep-Aid"
"1012","C0719459","MMSL","https://uts-ws.nlm.nih.gov/rest/content/2022AA/CUI/C0719459","Compoz Nighttime Sleep Aid"
"1013","C4236980","ICD10CM","https://uts-ws.nlm.nih.gov/rest/content/2022AA/CUI/C4236980","Amphetamine or other stimulant-induced sleep disorder, without use disorder"
"1014","C4237413","ICD10CM","https://uts-ws.nlm.nih.gov/rest/content/2022AA/CUI/C4237413","Sedative, hypnotic, or anxiolytic-induced sleep disorder, without use disorder"
"1015","C3661804","SNOMEDCT_US","https://uts-ws.nlm.nih.gov/rest/content/2022AA/CUI/C3661804","Insomnia due to anxiety and fear"
"1016","C4760886","MDR","https://uts-ws.nlm.nih.gov/rest/content/2022AA/CUI/C4760886","Hallucinations (excl sleep-related)"
"1017","C0855246","MDR","https://uts-ws.nlm.nih.gov/rest/content/2022AA/CUI/C0855246","Abnormal sleep-related event"
"1018","C4523941","MDR","https://uts-ws.nlm.nih.gov/rest/content/2022AA/CUI/C4523941","Sleep-wake transition paralysis"
"1019","C0475707","SNOMEDCT_US","https://uts-ws.nlm.nih.gov/rest/content/2022AA/CUI/C0475707","Sleep apnea monitoring with alarm"
"1020","C3248365","CPT","https://uts-ws.nlm.nih.gov/rest/content/2022AA/CUI/C3248365","Sleep Medicine Testing Procedures"
"1021","C2729336","HCPCS","https://uts-ws.nlm.nih.gov/rest/content/2022AA/CUI/C2729336","Home Sleep Study Test"
"1022","C4686505","NCI","https://uts-ws.nlm.nih.gov/rest/content/2022AA/CUI/C4686505","Grade 3 Sleep Apnea, CTCAE"
"1023","C4687324","NCI","https://uts-ws.nlm.nih.gov/rest/content/2022AA/CUI/C4687324","Grade 5 Sleep Apnea, CTCAE"
"1024","C4685404","NCI","https://uts-ws.nlm.nih.gov/rest/content/2022AA/CUI/C4685404","Grade 1 Sleep Apnea, CTCAE"
"1025","C4685946","NCI","https://uts-ws.nlm.nih.gov/rest/content/2022AA/CUI/C4685946","Grade 2 Sleep Apnea, CTCAE"
"1026","C4686946","NCI","https://uts-ws.nlm.nih.gov/rest/content/2022AA/CUI/C4686946","Grade 4 Sleep Apnea, CTCAE"
"1027","C0846965","ICD10AMAE","https://uts-ws.nlm.nih.gov/rest/content/2022AA/CUI/C0846965","Provision of oral appliance for diagnosed snoring and obstructive sleep apnea"
"1028","C1836764","OMIM","https://uts-ws.nlm.nih.gov/rest/content/2022AA/CUI/C1836764","RESPIRATORY RHYTHMICITY IN SLEEP"
"1029","C5194377","OMIM","https://uts-ws.nlm.nih.gov/rest/content/2022AA/CUI/C5194377","Irregular sleep/wake cycle"
"1030","C1862910","OMIM","https://uts-ws.nlm.nih.gov/rest/content/2022AA/CUI/C1862910","Abnormal sleep-wake cycles"
"1031","C3280485","OMIM","https://uts-ws.nlm.nih.gov/rest/content/2022AA/CUI/C3280485","Disturbed sleep-wake cycle"
"1032","C4272810","MEDCIN","https://uts-ws.nlm.nih.gov/rest/content/2022AA/CUI/C4272810","repositioning of sensing lead for implantable neurostimulator for central sleep apnea"
"1033","C4272809","MEDCIN","https://uts-ws.nlm.nih.gov/rest/content/2022AA/CUI/C4272809","repositioning of stimulation lead for implantable neurostimulator for central sleep apnea"
"1034","C4272823","MEDCIN","https://uts-ws.nlm.nih.gov/rest/content/2022AA/CUI/C4272823","insertion of pulse generator for implantable neurostimulator for central sleep apnea"
"1035","C4272817","MEDCIN","https://uts-ws.nlm.nih.gov/rest/content/2022AA/CUI/C4272817","removal of pulse generator for implantable neurostimulator for central sleep apnea"
"1036","C4272815","MEDCIN","https://uts-ws.nlm.nih.gov/rest/content/2022AA/CUI/C4272815","removal of stimulation lead for implantable neurostimulator for central sleep apnea"
"1037","C4272822","MEDCIN","https://uts-ws.nlm.nih.gov/rest/content/2022AA/CUI/C4272822","insertion of sensing lead for implantable neurostimulator for central sleep apnea"
"1038","C4272811","MEDCIN","https://uts-ws.nlm.nih.gov/rest/content/2022AA/CUI/C4272811","replacement of stimulation lead for implantable neurostimulator for central sleep apnea"
"1039","C4272812","MEDCIN","https://uts-ws.nlm.nih.gov/rest/content/2022AA/CUI/C4272812","replacement of sensing lead for implantable neurostimulator for central sleep apnea"
"1040","C4272813","MEDCIN","https://uts-ws.nlm.nih.gov/rest/content/2022AA/CUI/C4272813","replacement of pulse generator for implantable neurostimulator for central sleep apnea"
"1041","C4272816","MEDCIN","https://uts-ws.nlm.nih.gov/rest/content/2022AA/CUI/C4272816","removal of sensing lead for implantable neurostimulator for central sleep apnea"
"1042","C4272821","MEDCIN","https://uts-ws.nlm.nih.gov/rest/content/2022AA/CUI/C4272821","insertion of stimulation lead for implantable neurostimulator for central sleep apnea"
"1043","C2013988","MEDCIN","https://uts-ws.nlm.nih.gov/rest/content/2022AA/CUI/C2013988","organic sleep-related hypoxia"
"1044","C4018830","MTH","https://uts-ws.nlm.nih.gov/rest/content/2022AA/CUI/C4018830","PROMIS short form - sleep disturbance 6a - version 1.0"
"1045","C2964392","MTH","https://uts-ws.nlm.nih.gov/rest/content/2022AA/CUI/C2964392","PROMIS item bank - sleep related impairment - version 1.0"
"1046","C4763973","NCI","https://uts-ws.nlm.nih.gov/rest/content/2022AA/CUI/C4763973","Surgery to Improve Sleep"
"1047","C4237483","ICD10CM","https://uts-ws.nlm.nih.gov/rest/content/2022AA/CUI/C4237483","Unspecified sleep-wake disorder"
"1048","C3532949","SNOMEDCT_US","https://uts-ws.nlm.nih.gov/rest/content/2022AA/CUI/C3532949","Sleep related hypoventilation or hypoxemia"
"1049","C4053807","NCI","https://uts-ws.nlm.nih.gov/rest/content/2022AA/CUI/C4053807","Have Other Restlessness While Asleep"
"1050","C4291859","CPT","https://uts-ws.nlm.nih.gov/rest/content/2022AA/CUI/C4291859","Insertion or replacement of neurostimulator system for treatment of central sleep apnea"
"1051","C4296951","LNC","https://uts-ws.nlm.nih.gov/rest/content/2022AA/CUI/C4296951","Needs extra pillows in order to sleep (more than two)"
"1052","C2963927","LNC","https://uts-ws.nlm.nih.gov/rest/content/2022AA/CUI/C2963927","I felt irritable because of poor sleep in past 7D"
"1053","C2964043","LNC","https://uts-ws.nlm.nih.gov/rest/content/2022AA/CUI/C2964043","I tried to sleep whenever I could in past 7D"
"1054","C2598246","LNC","https://uts-ws.nlm.nih.gov/rest/content/2022AA/CUI/C2598246","Pain has made it hard to sleep during last 2D"
"1055","C0476565","ICD10","https://uts-ws.nlm.nih.gov/rest/content/2022AA/CUI/C0476565","Personal history of unhealthy sleep-wake schedule"
"1056","C2874830","ICD10CM","https://uts-ws.nlm.nih.gov/rest/content/2022AA/CUI/C2874830","Other psychoactive substance dependence with psychoactive substance-induced sleep disorder"
"1057","C2874805","ICD10CM","https://uts-ws.nlm.nih.gov/rest/content/2022AA/CUI/C2874805","Other psychoactive substance abuse with psychoactive substance-induced sleep disorder"
"1058","C3832795","MTH","https://uts-ws.nlm.nih.gov/rest/content/2022AA/CUI/C3832795","PROMIS short form - sleep disturbance - 4a - version 1.0"
"1059","C2964420","MTH","https://uts-ws.nlm.nih.gov/rest/content/2022AA/CUI/C2964420","PROMIS short form - sleep impairment - 8a - version 1.0"
"1060","C2964419","MTH","https://uts-ws.nlm.nih.gov/rest/content/2022AA/CUI/C2964419","PROMIS short form - sleep disturbance - 8b - version 1.0"
"1061","C2370872","ICF","https://uts-ws.nlm.nih.gov/rest/content/2022AA/CUI/C2370872","Sleep functions, other specified"
"1062","C4067656","CPT","https://uts-ws.nlm.nih.gov/rest/content/2022AA/CUI/C4067656","Repositioning of neurostimulator system for treatment of central sleep apnea; stimulation lead only"
"1063","C4067657","CPT","https://uts-ws.nlm.nih.gov/rest/content/2022AA/CUI/C4067657","Repositioning of neurostimulator system for treatment of central sleep apnea; sensing lead only"
"1064","C4067654","CPT","https://uts-ws.nlm.nih.gov/rest/content/2022AA/CUI/C4067654","Removal of neurostimulator system for treatment of central sleep apnea; stimulation lead only"
"1065","C4292062","CPT","https://uts-ws.nlm.nih.gov/rest/content/2022AA/CUI/C4292062","Replacement of pulse generator of neurostimulator system for treatment of central sleep apnea"
"1066","C4067653","CPT","https://uts-ws.nlm.nih.gov/rest/content/2022AA/CUI/C4067653","Removal of neurostimulator system for treatment of central sleep apnea; sensing lead only"
"1067","C4067652","CPT","https://uts-ws.nlm.nih.gov/rest/content/2022AA/CUI/C4067652","Removal of neurostimulator system for treatment of central sleep apnea; pulse generator only"
"1068","C5200932","MTH","https://uts-ws.nlm.nih.gov/rest/content/2022AA/CUI/C5200932","SHORT SLEEP, FAMILIAL NATURAL, 1"
"1069","C4749346","SNOMEDCT_US","https://uts-ws.nlm.nih.gov/rest/content/2022AA/CUI/C4749346","Benign infantile focal epilepsy with midline spikes and waves during sleep"
"1070","C1325874","GO","https://uts-ws.nlm.nih.gov/rest/content/2022AA/CUI/C1325874","circadian sleep/wake cycle"
"1071","C4712010","NIC","https://uts-ws.nlm.nih.gov/rest/content/2022AA/CUI/C4712010","Time infant care and feeding around sleep and wake cycle"
"1072","C3175419","LNC","https://uts-ws.nlm.nih.gov/rest/content/2022AA/CUI/C3175419","How often does this overwhelming desire to go to sleep occur"
"1073","C3174235","LNC","https://uts-ws.nlm.nih.gov/rest/content/2022AA/CUI/C3174235","In the past Y, have you had difficulty getting to sleep"
"1074","C2964235","LNC","https://uts-ws.nlm.nih.gov/rest/content/2022AA/CUI/C2964235","My daytime activities are disturbed by poor sleep in past 7D"
"1075","C5142071","LNC","https://uts-ws.nlm.nih.gov/rest/content/2022AA/CUI/C5142071","My child needed to sleep during the day in past 7D"
"1076","C0943848","LNC","https://uts-ws.nlm.nih.gov/rest/content/2022AA/CUI/C0943848","Sleep pattern disturbance:Find:Pt:^Patient:Ord:Observed.CCC"
"1077","C0393769","SNOMEDCT_US","https://uts-ws.nlm.nih.gov/rest/content/2022AA/CUI/C0393769","Transient sleep-wake rhythm disorder"
"1078","C4237051","DSM-5","https://uts-ws.nlm.nih.gov/rest/content/2022AA/CUI/C4237051","Circadian rhythm sleep-wake disorders, Irregular sleep-wake type"
"1079","C3551621","OMIM","https://uts-ws.nlm.nih.gov/rest/content/2022AA/CUI/C3551621","Early sleep onset (almost 4 hours advanced over controls)"
"1080","C3551622","OMIM","https://uts-ws.nlm.nih.gov/rest/content/2022AA/CUI/C3551622","Early sleep offset (almost 4 hours advanced over controls)"
"1081","C3539554","MTH","https://uts-ws.nlm.nih.gov/rest/content/2022AA/CUI/C3539554","PROMIS-29 Sleep disturbance score"
"1082","C3669319","MTH","https://uts-ws.nlm.nih.gov/rest/content/2022AA/CUI/C3669319","Deprecated Deprecated Sleep Protocols PROMIS"
"1083","C2206429","MEDCIN","https://uts-ws.nlm.nih.gov/rest/content/2022AA/CUI/C2206429","electroencephalogram asleep sleep spindles asymmetry right greater than left"
"1084","C2206430","MEDCIN","https://uts-ws.nlm.nih.gov/rest/content/2022AA/CUI/C2206430","electroencephalogram asleep sleep spindles asymmetry left greater than right"
"1085","C4711259","NIC","https://uts-ws.nlm.nih.gov/rest/content/2022AA/CUI/C4711259","Education parents about the effects of sleep deprivation on family functioning"
"1086","C1736049","NIC","https://uts-ws.nlm.nih.gov/rest/content/2022AA/CUI/C1736049","Phototherapy: Mood/Sleep Regulation"
"1087","C4053918","NCI","https://uts-ws.nlm.nih.gov/rest/content/2022AA/CUI/C4053918","Trouble Sleeping, Cannot Get to Sleep Within 30 Minutes"
"1088","C5142111","LNC","https://uts-ws.nlm.nih.gov/rest/content/2022AA/CUI/C5142111","When I was in pain I went to sleep in past 7D"
"1089","C3175920","LNC","https://uts-ws.nlm.nih.gov/rest/content/2022AA/CUI/C3175920","If your normal work or school and sleep schedule is other, describe"
"1090","C3699097","LNC","https://uts-ws.nlm.nih.gov/rest/content/2022AA/CUI/C3699097","I tried to sleep whenever I could in past 7D:Find:7D:^Patient:Ord:PROMIS"
"1091","C3699105","LNC","https://uts-ws.nlm.nih.gov/rest/content/2022AA/CUI/C3699105","I felt irritable because of poor sleep in past 7D:Find:7D:^Patient:Ord:PROMIS"
"1092","C2598245","LNC","https://uts-ws.nlm.nih.gov/rest/content/2022AA/CUI/C2598245","Pain has made it hard to sleep during last 2D:Find:2D:^Patient:Ord:CARE"
"1093","C1551282","MTH","https://uts-ws.nlm.nih.gov/rest/content/2022AA/CUI/C1551282","Sleep Disorder Diagnostic Clinic/Center"
"1094","C4526629","NCI","https://uts-ws.nlm.nih.gov/rest/content/2022AA/CUI/C4526629","How Much Bothered by Not Being Able to Sleep"
"1095","C1820987","NOC","https://uts-ws.nlm.nih.gov/rest/content/2022AA/CUI/C1820987","Infant sleep-wake patterns"
"1096","C1821613","NOC","https://uts-ws.nlm.nih.gov/rest/content/2022AA/CUI/C1821613","Maintains sleep-wake pattern"
"1097","C0517754","NOC","https://uts-ws.nlm.nih.gov/rest/content/2022AA/CUI/C0517754","Normal sleep-wake patterns"
"1098","C0237357","MTH","https://uts-ws.nlm.nih.gov/rest/content/2022AA/CUI/C0237357","Sleep and rest patterns - other"
"1099","C2874967","ICD10CM","https://uts-ws.nlm.nih.gov/rest/content/2022AA/CUI/C2874967","Other sleep disorders not due to a substance or known physiological condition"
"1100","C0865374","MTHICD9","https://uts-ws.nlm.nih.gov/rest/content/2022AA/CUI/C0865374","Nightmares, REM-sleep type"
"1101","C0200138","SNMI","https://uts-ws.nlm.nih.gov/rest/content/2022AA/CUI/C0200138","Polysomnograph recording, analysis and interpretation of the multiple simultaneous physiologic measurements of sleep"
"1102","C3825669","LCH_NW","https://uts-ws.nlm.nih.gov/rest/content/2022AA/CUI/C3825669","Sleep disorders in children"
"1103","C3824746","LCH_NW","https://uts-ws.nlm.nih.gov/rest/content/2022AA/CUI/C3824746","Sleep disorders in adolescence"
"1104","C3260596","MTH","https://uts-ws.nlm.nih.gov/rest/content/2022AA/CUI/C3260596","Neuro-Qol item bank - sleep disturbance - version 1.0:-:Point in time:^Patient:-:NeuroQol"
"1105","C0307632","SNMI","https://uts-ws.nlm.nih.gov/rest/content/2022AA/CUI/C0307632","Sleep-ettes-D Tablets"
"1106","C1243202","SNMI","https://uts-ws.nlm.nih.gov/rest/content/2022AA/CUI/C1243202","Sleep-eze 3 Tablets"
"1107","C0308003","SNMI","https://uts-ws.nlm.nih.gov/rest/content/2022AA/CUI/C0308003","Unisom Nighttime Sleep Aid"
"1108","C3692152","RXNORM","https://uts-ws.nlm.nih.gov/rest/content/2022AA/CUI/C3692152","diphenhydramine hydrochloride 25 MG Oral Capsule [Z-Sleep]"
"1109","C0876592","RXNORM","https://uts-ws.nlm.nih.gov/rest/content/2022AA/CUI/C0876592","diphenhydramine hydrochloride 25 MG Oral Tablet [Simply Sleep]"
"1110","C0710316","RXNORM","https://uts-ws.nlm.nih.gov/rest/content/2022AA/CUI/C0710316","diphenhydramine hydrochloride 50 MG Oral Capsule [Unisom Sleep]"
"1111","C0508416","NIC","https://uts-ws.nlm.nih.gov/rest/content/2022AA/CUI/C0508416","Alternate periods of weaning trials with sufficient periods of rest and sleep"
"1112","C0512358","NIC","https://uts-ws.nlm.nih.gov/rest/content/2022AA/CUI/C0512358","Instruct patient to avoid bedtime foods and beverages that interfere with sleep"
"1113","C0514815","NIC","https://uts-ws.nlm.nih.gov/rest/content/2022AA/CUI/C0514815","Provide for naps during the day, if indicated, to meet sleep requirements"
"1114","C3699098","LNC","https://uts-ws.nlm.nih.gov/rest/content/2022AA/CUI/C3699098","My daytime activities are disturbed by poor sleep in past 7D:Find:7D:^Patient:Ord:PROMIS"
"1115","C3175919","LNC","https://uts-ws.nlm.nih.gov/rest/content/2022AA/CUI/C3175919","If your normal work or school and sleep schedule is other, describe:Find:Pt:^Patient:Nom:PhenX"
"1116","C5143968","LNC","https://uts-ws.nlm.nih.gov/rest/content/2022AA/CUI/C5143968","My child needed to sleep during the day in past 7D:Find:7D:^Patient:Ord:PROMIS.PARENTPROXY"
"1117","C4744455","NCI","https://uts-ws.nlm.nih.gov/rest/content/2022AA/CUI/C4744455","Sleep Disturbance Scale for Children"
"1118","C4330427","NCI","https://uts-ws.nlm.nih.gov/rest/content/2022AA/CUI/C4330427","IDS-C - Sleep Onset Insomnia"
"1119","C3639320","NCI","https://uts-ws.nlm.nih.gov/rest/content/2022AA/CUI/C3639320","BPI - Pain Interfered with Sleep"
"1120","C4331170","NCI","https://uts-ws.nlm.nih.gov/rest/content/2022AA/CUI/C4331170","QIDS-C - Sleep Onset Insomnia"
"1121","C4744001","NCI","https://uts-ws.nlm.nih.gov/rest/content/2022AA/CUI/C4744001","CDRS-R - Sleep Disturbance Comment"
"1122","C5444394","MTH","https://uts-ws.nlm.nih.gov/rest/content/2022AA/CUI/C5444394","Used medication for anxiety or sleep not as prescribed or not prescribed for you in past 3Mo"
"1123","C2063845","MEDCIN","https://uts-ws.nlm.nih.gov/rest/content/2022AA/CUI/C2063845","mixed type sleep disorder due to known Axis III factor"
"1124","C2111851","MEDCIN","https://uts-ws.nlm.nih.gov/rest/content/2022AA/CUI/C2111851","polysomnography, four or more additional sleep parameters, optimum pressure H2O"
"1125","C4018831","MTH","https://uts-ws.nlm.nih.gov/rest/content/2022AA/CUI/C4018831","PROMIS short form - sleep disturbance 6a - version 1.0:-:1W:^Patient:-:PROMIS"
"1126","C4050403","MTH","https://uts-ws.nlm.nih.gov/rest/content/2022AA/CUI/C4050403","Ability to Sleep After Treatment question"
"1127","C4237288","ICD10CM","https://uts-ws.nlm.nih.gov/rest/content/2022AA/CUI/C4237288","Other (or unknown) substance-induced sleep disorder, without use disorder"
"1128","C2135953","MEDCIN","https://uts-ws.nlm.nih.gov/rest/content/2022AA/CUI/C2135953","taking naps"
"1129","C5144008","LNC","https://uts-ws.nlm.nih.gov/rest/content/2022AA/CUI/C5144008","When I was in pain I went to sleep in past 7D:Find:7D:^Patient:Ord:PROMIS"
"1130","C4511503","SNOMEDCT_US","https://uts-ws.nlm.nih.gov/rest/content/2022AA/CUI/C4511503","Recurrent isolated sleep-related hallucinations"
"1131","C1827672","SNOMEDCT_US","https://uts-ws.nlm.nih.gov/rest/content/2022AA/CUI/C1827672","Insufficient rest/sleep for age"
"1132","C1319848","SNOMEDCT_US","https://uts-ws.nlm.nih.gov/rest/content/2022AA/CUI/C1319848","Nocturnal sleep-related eating disorder"
"1133","C2317184","SNOMEDCT_US","https://uts-ws.nlm.nih.gov/rest/content/2022AA/CUI/C2317184","Sleep related rhythmic movement disorder"
"1134","C1828025","SNOMEDCT_US","https://uts-ws.nlm.nih.gov/rest/content/2022AA/CUI/C1828025","Sleep pattern disrupts family lifestyle"
"1135","C4545801","SNOMEDCT_US","https://uts-ws.nlm.nih.gov/rest/content/2022AA/CUI/C4545801","Pittsburgh Sleep Quality Index score"
"1136","C5396227","SNOMEDCT_US","https://uts-ws.nlm.nih.gov/rest/content/2022AA/CUI/C5396227","Assessment using Sleep Inertia Questionnaire"
"1137","C4237411","DSM-5","https://uts-ws.nlm.nih.gov/rest/content/2022AA/CUI/C4237411","Sedative-, hypnotic-, or anxiolytic-induced sleep disorder, With mild use disorder"
"1138","C3175083","LNC","https://uts-ws.nlm.nih.gov/rest/content/2022AA/CUI/C3175083","I get scared when I sleep away from home"
"1139","C5444395","MTH","https://uts-ws.nlm.nih.gov/rest/content/2022AA/CUI/C5444395","Used medication for anxiety or sleep not as prescribed or not prescribed for you in past 3Mo:Find:3Mo:^Patient:Ord"
"1140","C4067658","CPT","https://uts-ws.nlm.nih.gov/rest/content/2022AA/CUI/C4067658","Interrogation device evaluation implanted neurostimulator pulse generator system for central sleep apnea"
"1141","C0740870","CCPSS","https://uts-ws.nlm.nih.gov/rest/content/2022AA/CUI/C0740870","ALCOHOL USE FOR SLEEP"
"1142","C0748843","CCPSS","https://uts-ws.nlm.nih.gov/rest/content/2022AA/CUI/C0748843","SLEEP DISORDER DAYTIME SOMNOLENCE"
"1143","C0748846","CCPSS","https://uts-ws.nlm.nih.gov/rest/content/2022AA/CUI/C0748846","SLEEP DISORDER INSOMNIA PERSISTENT"
"1144","C2111850","MEDCIN","https://uts-ws.nlm.nih.gov/rest/content/2022AA/CUI/C2111850","polysomnography, four or more additional sleep parameters, with failure to control apnea"
"1145","C3834239","MTH","https://uts-ws.nlm.nih.gov/rest/content/2022AA/CUI/C3834239","PROMIS short form - sleep disturbance - 4a - version 1.0:-:Pt:^Patient:-:PROMIS"
"1146","C3669297","MTH","https://uts-ws.nlm.nih.gov/rest/content/2022AA/CUI/C3669297","PROMIS short form - sleep impairment - 8a - version 1.0:-:Pt:^Patient:-:PROMIS"
"1147","C3669296","MTH","https://uts-ws.nlm.nih.gov/rest/content/2022AA/CUI/C3669296","PROMIS short form - sleep disturbance - 8b - version 1.0:-:Pt:^Patient:-:PROMIS"
"1148","C3174079","LNC","https://uts-ws.nlm.nih.gov/rest/content/2022AA/CUI/C3174079","Has anyone noticed that you quit breathing during your sleep"
"1149","C4264368","LNC","https://uts-ws.nlm.nih.gov/rest/content/2022AA/CUI/C4264368","My sleep is slightly disturbed (less than 1 hr sleepless)."
"1150","C0236906","MTH","https://uts-ws.nlm.nih.gov/rest/content/2022AA/CUI/C0236906","Other Substance-Induced Sleep Disorder"
"1151","C0236907","MTH","https://uts-ws.nlm.nih.gov/rest/content/2022AA/CUI/C0236907","Unknown Substance-Induced Sleep Disorder"
"1152","C3666555","RXNORM","https://uts-ws.nlm.nih.gov/rest/content/2022AA/CUI/C3666555","diphenhydramine Oral Solution [ZZZ Sleep]"
"1153","C3666556","RXNORM","https://uts-ws.nlm.nih.gov/rest/content/2022AA/CUI/C3666556","ZZZ Sleep Oral Liquid Product"
"1154","C3819756","RXNORM","https://uts-ws.nlm.nih.gov/rest/content/2022AA/CUI/C3819756","diphenhydramine Oral Solution [Z-Sleep]"
"1155","C3709989","RXNORM","https://uts-ws.nlm.nih.gov/rest/content/2022AA/CUI/C3709989","diphenhydramine Oral Capsule [ZZZ Sleep]"
"1156","C1243206","RXNORM","https://uts-ws.nlm.nih.gov/rest/content/2022AA/CUI/C1243206","diphenhydramine Oral Tablet [Simply Sleep]"
"1157","C2980672","RXNORM","https://uts-ws.nlm.nih.gov/rest/content/2022AA/CUI/C2980672","diphenhydramine Oral Capsule [Unisom Sleep]"
"1158","C3709735","RXNORM","https://uts-ws.nlm.nih.gov/rest/content/2022AA/CUI/C3709735","Unisom Sleep Oral Liquid Product"
"1159","C3709996","RXNORM","https://uts-ws.nlm.nih.gov/rest/content/2022AA/CUI/C3709996","diphenhydramine Oral Capsule [Z-Sleep]"
"1160","C3709734","RXNORM","https://uts-ws.nlm.nih.gov/rest/content/2022AA/CUI/C3709734","diphenhydramine Oral Solution [Unisom Sleep]"
"1161","C3819945","RXNORM","https://uts-ws.nlm.nih.gov/rest/content/2022AA/CUI/C3819945","Z-Sleep Oral Liquid Product"
"1162","C3466544","RXNORM","https://uts-ws.nlm.nih.gov/rest/content/2022AA/CUI/C3466544","Unisom Sleep Disintegrating Oral Product"
"1163","C3528834","RXNORM","https://uts-ws.nlm.nih.gov/rest/content/2022AA/CUI/C3528834","Wal-Sleep Z Oral Product"
"1164","C4745573","RXNORM","https://uts-ws.nlm.nih.gov/rest/content/2022AA/CUI/C4745573","Wal-Sleep Z Chewable Product"
"1165","C0751948","MSH","https://uts-ws.nlm.nih.gov/rest/content/2022AA/CUI/C0751948","Sleep-Related Abnormal Swallowing Syndrome"
"1166","C0752302","MSH","https://uts-ws.nlm.nih.gov/rest/content/2022AA/CUI/C0752302","REM Sleep-Related Sinus Arrest"
"1167","C0057351","MSH","https://uts-ws.nlm.nih.gov/rest/content/2022AA/CUI/C0057351","delta sleep-inducing peptide phosphate"
"1168","C4720958","SNOMEDCT_US","https://uts-ws.nlm.nih.gov/rest/content/2022AA/CUI/C4720958","Sleep disorder caused by methamphetamine"
"1169","C3174086","LNC","https://uts-ws.nlm.nih.gov/rest/content/2022AA/CUI/C3174086","How often does this nodding off or falling alseep while driving occur:Find:Pt:^Patient:Ord:PhenX"
"1170","C3172992","LNC","https://uts-ws.nlm.nih.gov/rest/content/2022AA/CUI/C3172992","Does your child wake up early in the morning and have difficulty going back to sleep:Find:Pt:^Patient:Ord:PhenX"
"1171","C1550221","MTH","https://uts-ws.nlm.nih.gov/rest/content/2022AA/CUI/C1550221","International Classification of Sleep Disorders - CodeSystem"
"1172","C4272818","MEDCIN","https://uts-ws.nlm.nih.gov/rest/content/2022AA/CUI/C4272818","removal and replacement of pulse generator for implantable neurostimulator for central sleep apnea"
"1173","C2095763","MEDCIN","https://uts-ws.nlm.nih.gov/rest/content/2022AA/CUI/C2095763","polysomnography, 4 or more additional sleep parameters, initiation of CPAP therapy/bilevel ventilation"
"1174","C0548512","PCDS","https://uts-ws.nlm.nih.gov/rest/content/2022AA/CUI/C0548512","Patient will demonstrate satisfaction or comfort with level of sleep or rest achieved."
"1175","C2724881","VANDF","https://uts-ws.nlm.nih.gov/rest/content/2022AA/CUI/C2724881","HERBAL SLEEP AID CAP/TAB"
"1176","C4054848","NCI","https://uts-ws.nlm.nih.gov/rest/content/2022AA/CUI/C4054848","Have Legs Twitching or Jerking While Asleep"
"1177","C4034383","LNC","https://uts-ws.nlm.nih.gov/rest/content/2022AA/CUI/C4034383","During the past 24H, how has pain interfered with your sleep"
"1178","C3175942","LNC","https://uts-ws.nlm.nih.gov/rest/content/2022AA/CUI/C3175942","How much sleep do you usually get on a typical night"
"1179","C3175082","LNC","https://uts-ws.nlm.nih.gov/rest/content/2022AA/CUI/C3175082","I get scared when I sleep away from home:Find:Pt:^Patient:Ord:SCARED-R"
"1180","C5559071","MMSL","https://uts-ws.nlm.nih.gov/rest/content/2022AA/CUI/C5559071","AllerLife Sleep Daily Wellness Support"
"1181","C0270327","MTH","https://uts-ws.nlm.nih.gov/rest/content/2022AA/CUI/C0270327","Bedwetting"
"1182","C3151366","OMIM","https://uts-ws.nlm.nih.gov/rest/content/2022AA/CUI/C3151366","Sudden arousal from slow-wave sleep with screaming, autonomic, and behavioral manifestations of intense fear (sleep terrors)"
"1183","C2874854","ICD10CM","https://uts-ws.nlm.nih.gov/rest/content/2022AA/CUI/C2874854","Other psychoactive substance use, unspecified with psychoactive substance-induced sleep disorder"
"1184","C4292061","CPT","https://uts-ws.nlm.nih.gov/rest/content/2022AA/CUI/C4292061","Insertion or replacement of pulse generator of neurostimulator system for treatment of central sleep apnea"
"1185","C4292060","CPT","https://uts-ws.nlm.nih.gov/rest/content/2022AA/CUI/C4292060","Insertion or replacement of stimulation lead of neurostimulator system for treatment of central sleep apnea"
"1186","C4523942","MDR","https://uts-ws.nlm.nih.gov/rest/content/2022AA/CUI/C4523942","Sleep-wake transition speech loss"
"1187","C3511615","CPT","https://uts-ws.nlm.nih.gov/rest/content/2022AA/CUI/C3511615","Polysomnography; younger than 6 years, sleep staging with 4 or more additional parameters of sleep, attended by a technologist"
"1188","C3702345","CPT","https://uts-ws.nlm.nih.gov/rest/content/2022AA/CUI/C3702345","Sleep study, unattended, simultaneous recording"
"1189","C0751761","MTH","https://uts-ws.nlm.nih.gov/rest/content/2022AA/CUI/C0751761","Upper Airway Resistance Sleep Apnea Syndrome"
"1190","C0947785","MTH","https://uts-ws.nlm.nih.gov/rest/content/2022AA/CUI/C0947785","[D]Sleep disturbances (& [hypersomnia] or [insomnia])"
"1191","C3668964","MTH","https://uts-ws.nlm.nih.gov/rest/content/2022AA/CUI/C3668964","PROMIS item bank - sleep related impairment - version 1.0:-:Point in time:^Patient:-:PROMIS"
"1192","C0810843","NIC","https://uts-ws.nlm.nih.gov/rest/content/2022AA/CUI/C0810843","Cluster care to promote longest possible sleep interval and energy conservation"
"1193","C5444985","MTH","https://uts-ws.nlm.nih.gov/rest/content/2022AA/CUI/C5444985","Thinking about your recent sleep pattern: I wake up feeling refreshed"
"1194","C4694106","OMIM","https://uts-ws.nlm.nih.gov/rest/content/2022AA/CUI/C4694106","Sleep-related paroxysmal epileptic arousals"
"1195","C5231420","OMIM","https://uts-ws.nlm.nih.gov/rest/content/2022AA/CUI/C5231420","SHORT SLEEP, FAMILIAL NATURAL, 2"
"1196","C2586469","RXNORM","https://uts-ws.nlm.nih.gov/rest/content/2022AA/CUI/C2586469","diphenhydramine hydrochloride 25 MG Disintegrating Oral Tablet [Unisom Sleep]"
"1197","C3714747","RXNORM","https://uts-ws.nlm.nih.gov/rest/content/2022AA/CUI/C3714747","diphenhydramine hydrochloride 1.67 MG/ML Oral Solution [Z-Sleep]"
"1198","C3827538","NCI","https://uts-ws.nlm.nih.gov/rest/content/2022AA/CUI/C3827538","Vomiting or Dry Heaves Affected Sleep During Past 24 Hours"
"1199","C2013991","MEDCIN","https://uts-ws.nlm.nih.gov/rest/content/2022AA/CUI/C2013991","organic sleep-related leg cramps"
"1200","C3639683","NCI","https://uts-ws.nlm.nih.gov/rest/content/2022AA/CUI/C3639683","PDQUALIF - Trouble with Sleep Maintenance"
"1201","C4237339","ICD10CM","https://uts-ws.nlm.nih.gov/rest/content/2022AA/CUI/C4237339","Other specified sleep-wake disorder"
"1202","C3808874","MTH","https://uts-ws.nlm.nih.gov/rest/content/2022AA/CUI/C3808874","ADVANCED SLEEP PHASE SYNDROME, FAMILIAL, 2"
"1203","C0751759","MSH","https://uts-ws.nlm.nih.gov/rest/content/2022AA/CUI/C0751759","Non-24 Hour Sleep-Wake Disorder"
"1204","C4712014","NIC","https://uts-ws.nlm.nih.gov/rest/content/2022AA/CUI/C4712014","Establish consistent and predictable routines to promote regular sleep and wake cycles"
"1205","C0519187","MTH","https://uts-ws.nlm.nih.gov/rest/content/2022AA/CUI/C0519187","Sleep study, unattended, simultaneous recording; minimum of heart rate, oxygen saturation, and respiratory analysis (eg, by airflow or peripheral arterial tone)"
"1206","C3476233","LNC","https://uts-ws.nlm.nih.gov/rest/content/2022AA/CUI/C3476233","My skin condition interferes with my ability to sleep in the past 7D"
"1207","C2964006","LNC","https://uts-ws.nlm.nih.gov/rest/content/2022AA/CUI/C2964006","I had trouble getting into a comfortable position to sleep in past 7D"
"1208","C4739995","LNC","https://uts-ws.nlm.nih.gov/rest/content/2022AA/CUI/C4739995","Over the past W, are you able to get a good night's sleep"
"1209","C5444986","MTH","https://uts-ws.nlm.nih.gov/rest/content/2022AA/CUI/C5444986","Thinking about your recent sleep pattern: I wake up feeling refreshed:Find:Pt:^Patient:Ord"
"1210","C2874547","ICD10CM","https://uts-ws.nlm.nih.gov/rest/content/2022AA/CUI/C2874547","Sedative, hypnotic or anxiolytic dependence with sedative, hypnotic or anxiolytic-induced sleep disorder"
"1211","C2724357","CPT","https://uts-ws.nlm.nih.gov/rest/content/2022AA/CUI/C2724357","Sleep study, unattended, simultaneous recording of, heart rate, oxygen saturation, respiratory airflow, and respiratory effort (eg, thoracoabdominal movement)"
"1212","C1965770","ALT","https://uts-ws.nlm.nih.gov/rest/content/2022AA/CUI/C1965770","Non-specified HCPCS II sleep service or procedure reference code no charge"
"1213","C2923047","MEDCIN","https://uts-ws.nlm.nih.gov/rest/content/2022AA/CUI/C2923047","unattended sleep study recording heart rate, O2 saturation, and respiratory analysis"
"1214","C3509729","MEDCIN","https://uts-ws.nlm.nih.gov/rest/content/2022AA/CUI/C3509729","polysomnography, 4 or more additional sleep parameters, younger than 6 years"
"1215","C1452655","MSH","https://uts-ws.nlm.nih.gov/rest/content/2022AA/CUI/C1452655","Dsip1 protein, mouse"
"1216","C0374427","CPT","https://uts-ws.nlm.nih.gov/rest/content/2022AA/CUI/C0374427","Polysomnography; age 6 years or older, sleep staging with 4 or more additional parameters of sleep, attended by a technologist"
"1217","C5444984","MTH","https://uts-ws.nlm.nih.gov/rest/content/2022AA/CUI/C5444984","Thinking about your recent sleep pattern: I wake up at the same time"
"1218","C1387414","ICPC2ICD10ENG","https://uts-ws.nlm.nih.gov/rest/content/2022AA/CUI/C1387414","unhealthy sleep-wake cycle; history"
"1219","C1387419","ICPC2ICD10ENG","https://uts-ws.nlm.nih.gov/rest/content/2022AA/CUI/C1387419","history; problem sleep-wake cycle"
"1220","C3517191","CPT","https://uts-ws.nlm.nih.gov/rest/content/2022AA/CUI/C3517191","Sleep study attended by a technician"
"1221","C1818625","GO","https://uts-ws.nlm.nih.gov/rest/content/2022AA/CUI/C1818625","circadian sleep/wake cycle process"
"1222","C1325878","GO","https://uts-ws.nlm.nih.gov/rest/content/2022AA/CUI/C1325878","circadian sleep/wake cycle, wakefulness"
"1223","C4237286","DSM-5","https://uts-ws.nlm.nih.gov/rest/content/2022AA/CUI/C4237286","Other (or unknown) substance-induced sleep disorder, With mild use disorder"
"1224","C4236978","DSM-5","https://uts-ws.nlm.nih.gov/rest/content/2022AA/CUI/C4236978","Amphetamine (or other stimulant)-induced sleep disorder, With mild use disorder"
"1225","C5220482","LNC","https://uts-ws.nlm.nih.gov/rest/content/2022AA/CUI/C5220482","Sleep medicine|ANYTypeOfService|ANYKindOfNote|ANYSetting"
"1226","C1717052","LNC","https://uts-ws.nlm.nih.gov/rest/content/2022AA/CUI/C1717052","Sleep-cycle issues:-:Pt:^Patient:Set"
"1227","C5453612","LNC","https://uts-ws.nlm.nih.gov/rest/content/2022AA/CUI/C5453612","Sleep total score:Score:Pt:^Patient:Qn:R-Outcomes"
"1228","C4036686","LNC","https://uts-ws.nlm.nih.gov/rest/content/2022AA/CUI/C4036686","Sleep disturbances indicator:Find:1W:^Patient:Ord:UPDRS"
"1229","C0943961","LNC","https://uts-ws.nlm.nih.gov/rest/content/2022AA/CUI/C0943961","Sleep and rest pattern.knowledge:Find:Pt:^Patient:Ord:Observed.OMAHA"
"1230","C0943962","LNC","https://uts-ws.nlm.nih.gov/rest/content/2022AA/CUI/C0943962","Sleep and rest pattern.status:Find:Pt:^Patient:Ord:Observed.OMAHA"
"1231","C0943960","LNC","https://uts-ws.nlm.nih.gov/rest/content/2022AA/CUI/C0943960","Sleep and rest pattern.behavior:Find:Pt:^Patient:Ord:Observed.OMAHA"
"1232","C1830966","LNC","https://uts-ws.nlm.nih.gov/rest/content/2022AA/CUI/C1830966","Sleep and rest pattern.behavior:Find:Pt:^Community:Ord:Observed.OMAHA"
"1233","C1830968","LNC","https://uts-ws.nlm.nih.gov/rest/content/2022AA/CUI/C1830968","Sleep and rest pattern.status:Find:Pt:^Community:Ord:Observed.OMAHA"
"1234","C0944098","LNC","https://uts-ws.nlm.nih.gov/rest/content/2022AA/CUI/C0944098","Sleep and rest pattern.behavior:Find:Pt:^Family:Ord:Observed.OMAHA"
"1235","C1830967","LNC","https://uts-ws.nlm.nih.gov/rest/content/2022AA/CUI/C1830967","Sleep and rest pattern.knowledge:Find:Pt:^Community:Ord:Observed.OMAHA"
"1236","C0945620","LNC","https://uts-ws.nlm.nih.gov/rest/content/2022AA/CUI/C0945620","Sleep and rest pattern.knowledge:Find:Pt:^Family:Ord:Observed.OMAHA"
"1237","C0944099","LNC","https://uts-ws.nlm.nih.gov/rest/content/2022AA/CUI/C0944099","Sleep and rest pattern.status:Find:Pt:^Family:Ord:Observed.OMAHA"
"1238","C3481758","LNC","https://uts-ws.nlm.nih.gov/rest/content/2022AA/CUI/C3481758","My skin condition interferes with my ability to sleep in the past 7D:Find:7D:^Patient:Ord:FACIT"
"1239","C3699092","LNC","https://uts-ws.nlm.nih.gov/rest/content/2022AA/CUI/C3699092","I had trouble getting into a comfortable position to sleep in past 7D:Find:7D:^Patient:Ord:PROMIS"
"1240","C5387907","MEDCIN","https://uts-ws.nlm.nih.gov/rest/content/2022AA/CUI/C5387907","dependence on biphasic positive airway pressure ventilation due to central sleep apnea"
"1241","C3509730","MEDCIN","https://uts-ws.nlm.nih.gov/rest/content/2022AA/CUI/C3509730","polysomnography, 4 or more additional sleep parameters, age 6 years or older"
"1242","C4019056","MTH","https://uts-ws.nlm.nih.gov/rest/content/2022AA/CUI/C4019056","PROMIS short form - sleep impairment 8a - version 1.0 raw score"
"1243","C4019377","MTH","https://uts-ws.nlm.nih.gov/rest/content/2022AA/CUI/C4019377","PROMIS short form - sleep disturbance 4a - version 1.0 raw score"
"1244","C4019395","MTH","https://uts-ws.nlm.nih.gov/rest/content/2022AA/CUI/C4019395","PROMIS short form - sleep disturbance 6a - version 1.0 raw score"
"1245","C4019401","MTH","https://uts-ws.nlm.nih.gov/rest/content/2022AA/CUI/C4019401","PROMIS short form - sleep disturbance 8b - version 1.0 raw score"
"1246","C0512994","NIC","https://uts-ws.nlm.nih.gov/rest/content/2022AA/CUI/C0512994","Monitor bedtime food and beverage intake for items that facilitate or interfere with sleep"
"1247","C1561818","ICD9CM","https://uts-ws.nlm.nih.gov/rest/content/2022AA/CUI/C1561818","Sleep related movement disorder, unspecified"
"1248","C5444983","MTH","https://uts-ws.nlm.nih.gov/rest/content/2022AA/CUI/C5444983","Thinking about your recent sleep pattern: I wake up at the same time:Find:Pt:^Patient:Ord"
"1249","C2944701","ICD10PCS","https://uts-ws.nlm.nih.gov/rest/content/2022AA/CUI/C2944701","Monitoring of Sleep, External Approach"
"1250","C2944674","ICD10PCS","https://uts-ws.nlm.nih.gov/rest/content/2022AA/CUI/C2944674","Measurement of Sleep, External Approach"
"1251","C3830426","NCI","https://uts-ws.nlm.nih.gov/rest/content/2022AA/CUI/C3830426","Distress over Physical Problem with Sleep"
"1252","C4330457","NCI","https://uts-ws.nlm.nih.gov/rest/content/2022AA/CUI/C4330457","IDS-SR - Sleep During the Night"
"1253","C4331189","NCI","https://uts-ws.nlm.nih.gov/rest/content/2022AA/CUI/C4331189","QIDS-SR - Sleep During the Night"
"1254","C3641488","NCI","https://uts-ws.nlm.nih.gov/rest/content/2022AA/CUI/C3641488","OAB-q - Interfered with Getting Sleep"
"1255","C3639662","NCI","https://uts-ws.nlm.nih.gov/rest/content/2022AA/CUI/C3639662","NPI - Sleep Excessively During the Day"
"1256","C5447105","NCI","https://uts-ws.nlm.nih.gov/rest/content/2022AA/CUI/C5447105","SMDDS Version 1.0 - Sleep Disturbances Subscore"
"1257","C4745289","NCI","https://uts-ws.nlm.nih.gov/rest/content/2022AA/CUI/C4745289","Rapid Eye Movement Sleep Phase Duration"
"1258","C4331186","NCI","https://uts-ws.nlm.nih.gov/rest/content/2022AA/CUI/C4331186","QIDS-SR - Highest Score Sleep Items"
"1259","C3828178","NCI","https://uts-ws.nlm.nih.gov/rest/content/2022AA/CUI/C3828178","SGRQ-C - Coughing Disturbs My Sleep"
"1260","C4331162","NCI","https://uts-ws.nlm.nih.gov/rest/content/2022AA/CUI/C4331162","QIDS-C - Highest Score Sleep Items"
"1261","C4743760","NCI","https://uts-ws.nlm.nih.gov/rest/content/2022AA/CUI/C4743760","Rapid Eye Movement Sleep Phase Latency"
"1262","C3641482","NCI","https://uts-ws.nlm.nih.gov/rest/content/2022AA/CUI/C3641482","OAB-q - Awakened You During Sleep"
"1263","C0510040","NIC","https://uts-ws.nlm.nih.gov/rest/content/2022AA/CUI/C0510040","Determine patient's sleep/activity pattern"
"1264","C4062291","NANDA-I","https://uts-ws.nlm.nih.gov/rest/content/2022AA/CUI/C4062291","Alteration in sleep-wake cycle"
"1265","C4237052","DSM-5","https://uts-ws.nlm.nih.gov/rest/content/2022AA/CUI/C4237052","Circadian rhythm sleep-wake disorders, Non-24-hour sleep-wake type"
"1266","C0237354","OMS","https://uts-ws.nlm.nih.gov/rest/content/2022AA/CUI/C0237354","sleep/rest pattern disrupts family"
"1267","C4715784","NOC","https://uts-ws.nlm.nih.gov/rest/content/2022AA/CUI/C4715784","Disruption of sleep-wake pattern"
"1268","C4067655","CPT","https://uts-ws.nlm.nih.gov/rest/content/2022AA/CUI/C4067655","Removal and replacement of neurostimulator system for treatment of central sleep apnea, pulse generator only"
"1269","C4067649","CPT","https://uts-ws.nlm.nih.gov/rest/content/2022AA/CUI/C4067649","Insertion or replacement of neurostimulator system for treatment of central sleep apnea; sensing lead only"
"1270","C4067651","CPT","https://uts-ws.nlm.nih.gov/rest/content/2022AA/CUI/C4067651","Insertion or replacement of neurostimulator system for treatment of central sleep apnea; pulse generator only"
"1271","C4067650","CPT","https://uts-ws.nlm.nih.gov/rest/content/2022AA/CUI/C4067650","Insertion or replacement of neurostimulator system for treatment of central sleep apnea; stimulation lead only"
"1272","C4292059","CPT","https://uts-ws.nlm.nih.gov/rest/content/2022AA/CUI/C4292059","Insertion or replacement of complete neurostimulator system for treatment of central sleep apnea, complete system"
"1273","C4019057","MTH","https://uts-ws.nlm.nih.gov/rest/content/2022AA/CUI/C4019057","PROMIS short form - sleep impairment 8a - version 1.0 raw score:Score:Pt:^Patient:Qn:PROMIS"
"1274","C4019378","MTH","https://uts-ws.nlm.nih.gov/rest/content/2022AA/CUI/C4019378","PROMIS short form - sleep disturbance 4a - version 1.0 raw score:Score:Pt:^Patient:Qn:PROMIS"
"1275","C4019396","MTH","https://uts-ws.nlm.nih.gov/rest/content/2022AA/CUI/C4019396","PROMIS short form - sleep disturbance 6a - version 1.0 raw score:Score:Pt:^Patient:Qn:PROMIS"
"1276","C4019402","MTH","https://uts-ws.nlm.nih.gov/rest/content/2022AA/CUI/C4019402","PROMIS short form - sleep disturbance 8b - version 1.0 raw score:Score:Pt:^Patient:Qn:PROMIS"
"1277","C3824756","LCH_NW","https://uts-ws.nlm.nih.gov/rest/content/2022AA/CUI/C3824756","Sleep apnea syndromes in children"
"1278","C3174081","LNC","https://uts-ws.nlm.nih.gov/rest/content/2022AA/CUI/C3174081","How often do you feel tired or fatigued after your sleep"
"1279","C3176756","LNC","https://uts-ws.nlm.nih.gov/rest/content/2022AA/CUI/C3176756","How much does your insomnia, sleep difficulties, upset or distress you"
"1280","C1629485","SNOMEDCT_US","https://uts-ws.nlm.nih.gov/rest/content/2022AA/CUI/C1629485","Rest/sleep education, guidance, and counseling"
"1281","C4510843","SNOMEDCT_US","https://uts-ws.nlm.nih.gov/rest/content/2022AA/CUI/C4510843","Sleep-related hypoventilation caused by substance"
"1282","C1827882","SNOMEDCT_US","https://uts-ws.nlm.nih.gov/rest/content/2022AA/CUI/C1827882","Insufficient rest/sleep for physical condition"
"1283","C1293910","SNOMEDCT_US","https://uts-ws.nlm.nih.gov/rest/content/2022AA/CUI/C1293910","Sleep disorder test AND/OR procedure"
"1284","C4706281","SNOMEDCT_US","https://uts-ws.nlm.nih.gov/rest/content/2022AA/CUI/C4706281","Assessment using Pittsburgh Sleep Quality Index"
"1285","C4074806","SNOMEDCT_US","https://uts-ws.nlm.nih.gov/rest/content/2022AA/CUI/C4074806","Sleep apnea tongue implant, non-bioabsorbable"
"1286","C4074851","SNOMEDCT_US","https://uts-ws.nlm.nih.gov/rest/content/2022AA/CUI/C4074851","Sleep apnea palate implant, non-bioabsorbable"
"1287","C0306821","SNMI","https://uts-ws.nlm.nih.gov/rest/content/2022AA/CUI/C0306821","Miles Nervine Nighttime Sleep-Aid"
"1288","C4237412","DSM-5","https://uts-ws.nlm.nih.gov/rest/content/2022AA/CUI/C4237412","Sedative-, hypnotic-, or anxiolytic-induced sleep disorder, With moderate or severe use disorder"
"1289","C4544188","SNOMEDCT_US","https://uts-ws.nlm.nih.gov/rest/content/2022AA/CUI/C4544188","Dependence on biphasic positive airway pressure ventilation due to central sleep apnea syndrome"
"1290","C0514649","NIC","https://uts-ws.nlm.nih.gov/rest/content/2022AA/CUI/C0514649","Provide anticipatory guidance about changing sleep patterns during the first year"
"1291","C3517194","CPT","https://uts-ws.nlm.nih.gov/rest/content/2022AA/CUI/C3517194","Sleep monitoring of patient (6 years or older) in sleep lab with continued pressured respiratory assistance by mask or breathing tube"
"1292","C3176755","LNC","https://uts-ws.nlm.nih.gov/rest/content/2022AA/CUI/C3176755","How much does your insomnia, sleep difficulties, upset or distress you:Num:Pt:^Patient:Ord:PhenX"
"1293","C4330293","NCI","https://uts-ws.nlm.nih.gov/rest/content/2022AA/CUI/C4330293","How Often Did Ringing, Buzzing, Whistling Noises Wake You from Sleep"
"1294","C0159031","SNOMEDCT_US","https://uts-ws.nlm.nih.gov/rest/content/2022AA/CUI/C0159031","Disruptions of 24 hour sleep-wake cycle"
"1295","C3517187","CPT","https://uts-ws.nlm.nih.gov/rest/content/2022AA/CUI/C3517187","Sleep monitoring of patient (younger than 6 years) in sleep lab with continued pressured respiratory assistance by mask or breathing tube"
"1296","C4237416","DSM-5","https://uts-ws.nlm.nih.gov/rest/content/2022AA/CUI/C4237416","Sleep-related hypoventilation, Idiopathic hypoventilation"
"1297","C2980671","RXNORM","https://uts-ws.nlm.nih.gov/rest/content/2022AA/CUI/C2980671","diphenhydramine hydrochloride 50 MG [Unisom Sleep]"
"1298","C3709988","RXNORM","https://uts-ws.nlm.nih.gov/rest/content/2022AA/CUI/C3709988","diphenhydramine hydrochloride 25 MG [ZZZ Sleep]"
"1299","C3709995","RXNORM","https://uts-ws.nlm.nih.gov/rest/content/2022AA/CUI/C3709995","diphenhydramine hydrochloride 25 MG [Z-Sleep]"
"1300","C4745572","RXNORM","https://uts-ws.nlm.nih.gov/rest/content/2022AA/CUI/C4745572","diphenhydramine Chewable Tablet [Wal-Sleep Z]"
"1301","C3528833","RXNORM","https://uts-ws.nlm.nih.gov/rest/content/2022AA/CUI/C3528833","diphenhydramine Oral Capsule [Wal-Sleep Z]"
"1302","C3666808","RXNORM","https://uts-ws.nlm.nih.gov/rest/content/2022AA/CUI/C3666808","diphenhydramine Oral Solution [Wal-Sleep Z]"
"1303","C4033788","RXNORM","https://uts-ws.nlm.nih.gov/rest/content/2022AA/CUI/C4033788","diphenhydramine Oral Tablet [Wal-Sleep Z]"
"1304","C3666809","RXNORM","https://uts-ws.nlm.nih.gov/rest/content/2022AA/CUI/C3666809","Wal-Sleep Z Oral Liquid Product"
"1305","C2980448","RXNORM","https://uts-ws.nlm.nih.gov/rest/content/2022AA/CUI/C2980448","diphenhydramine hydrochloride 25 MG [Simply Sleep]"
"1306","C2980661","RXNORM","https://uts-ws.nlm.nih.gov/rest/content/2022AA/CUI/C2980661","diphenhydramine hydrochloride 25 MG [Unisom Sleep]"
"1307","C2980662","RXNORM","https://uts-ws.nlm.nih.gov/rest/content/2022AA/CUI/C2980662","diphenhydramine Disintegrating Oral Tablet [Unisom Sleep]"
"1308","C3856086","RXNORM","https://uts-ws.nlm.nih.gov/rest/content/2022AA/CUI/C3856086","Wal-Sleep Z Disintegrating Oral Product"
"1309","C0548809","PCDS","https://uts-ws.nlm.nih.gov/rest/content/2022AA/CUI/C0548809","Sleep or rest pattern disturbance"
"1310","C0511214","NIC","https://uts-ws.nlm.nih.gov/rest/content/2022AA/CUI/C0511214","Explain the importance of adequate sleep during pregnancy, illness, psychosocial stresses, etc"
"1311","C4540919","NANDA-I","https://uts-ws.nlm.nih.gov/rest/content/2022AA/CUI/C4540919","Infant less than 4 months, placed in sitting devices for routine sleep"
"1312","C0508148","NIC","https://uts-ws.nlm.nih.gov/rest/content/2022AA/CUI/C0508148","Adjust environment (e.g., light, noise, temperature, mattress, and bed) to promote sleep"
"1313","C2963997","LNC","https://uts-ws.nlm.nih.gov/rest/content/2022AA/CUI/C2963997","I had problems during the day because of poor sleep in past 7D"
"1314","C2964107","LNC","https://uts-ws.nlm.nih.gov/rest/content/2022AA/CUI/C2964107","I woke up and had trouble falling back to sleep in past 7D"
"1315","C2963984","LNC","https://uts-ws.nlm.nih.gov/rest/content/2022AA/CUI/C2963984","I had a hard time concentrating because of poor sleep in past 7D"
"1316","C3843138","LNC","https://uts-ws.nlm.nih.gov/rest/content/2022AA/CUI/C3843138","I sleep longer than 12 hours in a 24-hour period including naps"
"1317","C3260515","LNC","https://uts-ws.nlm.nih.gov/rest/content/2022AA/CUI/C3260515","Because of your tinnitus do you have trouble falling to sleep at night"
"1318","C3843148","LNC","https://uts-ws.nlm.nih.gov/rest/content/2022AA/CUI/C3843148","I have a restless, light sleep with a few brief awakenings each night"
"1319","C0068319","MSH","https://uts-ws.nlm.nih.gov/rest/content/2022AA/CUI/C0068319","delta sleep-inducing peptide, N-Tyr-"
"1320","C0056714","MSH","https://uts-ws.nlm.nih.gov/rest/content/2022AA/CUI/C0056714","delta-sleep-inducing peptide, cyclo-Gly-"
"1321","C0626307","MSH","https://uts-ws.nlm.nih.gov/rest/content/2022AA/CUI/C0626307","delta sleep-inducing peptide, omega-aminocaprylyl-"
"1322","C1506800","MSH","https://uts-ws.nlm.nih.gov/rest/content/2022AA/CUI/C1506800","delta sleep-inducing peptide (1-4)"
"1323","C0627400","MSH","https://uts-ws.nlm.nih.gov/rest/content/2022AA/CUI/C0627400","delta sleep-inducing peptide, Trp(1)-"
"1324","C0627733","MSH","https://uts-ws.nlm.nih.gov/rest/content/2022AA/CUI/C0627733","delta sleep-inducing peptide (1-6)"
"1325","C0645859","MSH","https://uts-ws.nlm.nih.gov/rest/content/2022AA/CUI/C0645859","delta sleep-inducing peptide, isoAsp(5)-"
"1326","C4474306","MMX","https://uts-ws.nlm.nih.gov/rest/content/2022AA/CUI/C4474306","Homeopathic Substance Oral Tablet [HERBAL SLEEP]"
"1327","C3175944","LNC","https://uts-ws.nlm.nih.gov/rest/content/2022AA/CUI/C3175944","Do you usually follow the same sleep schedule, that is, no more than a 1H difference in sleep and wake times, on both work or school and non-work or school D"
"1328","C3856784","UMD","https://uts-ws.nlm.nih.gov/rest/content/2022AA/CUI/C3856784","Recorders, Physiologic, Physical Activity/Sleep/Awake"
"1329","C3843139","LNC","https://uts-ws.nlm.nih.gov/rest/content/2022AA/CUI/C3843139","I sleep no longer than 12 hours in a 24-hour period including naps"
"1330","C3843140","LNC","https://uts-ws.nlm.nih.gov/rest/content/2022AA/CUI/C3843140","I sleep no longer than 10 hours in a 24-hour period including naps"
"1331","C3175917","LNC","https://uts-ws.nlm.nih.gov/rest/content/2022AA/CUI/C3175917","Do you normally work or attend school during the D and sleep at night"
"1332","C4270907","GS","https://uts-ws.nlm.nih.gov/rest/content/2022AA/CUI/C4270907","CVS Natural Sleep Aid Chewable Tablet"
"1333","C3843141","LNC","https://uts-ws.nlm.nih.gov/rest/content/2022AA/CUI/C3843141","I sleep no longer than 7-8 hours/night, without napping during the day"
"1334","C3260514","LNC","https://uts-ws.nlm.nih.gov/rest/content/2022AA/CUI/C3260514","Because of your tinnitus do you have trouble falling to sleep at night:Find:Pt:^Patient:Ord:PhenX"
"1335","C1652108","MMSL","https://uts-ws.nlm.nih.gov/rest/content/2022AA/CUI/C1652108","Pain Reliever and Sleep Aid PM"
"1336","C0725324","MMSL","https://uts-ws.nlm.nih.gov/rest/content/2022AA/CUI/C0725324","Beauty Glove While-U-Sleep Regular"
"1337","C0725323","MMSL","https://uts-ws.nlm.nih.gov/rest/content/2022AA/CUI/C0725323","Beauty Glove While-U-Sleep Large"
"1338","C2874570","ICD10CM","https://uts-ws.nlm.nih.gov/rest/content/2022AA/CUI/C2874570","Sedative, hypnotic or anxiolytic use, unspecified with sedative, hypnotic or anxiolytic-induced sleep disorder"
"1339","C2233635","MEDCIN","https://uts-ws.nlm.nih.gov/rest/content/2022AA/CUI/C2233635","parental concerns: child used to sleep through night, suddenly started waking up"
"1340","C0750723","SPN","https://uts-ws.nlm.nih.gov/rest/content/2022AA/CUI/C0750723","PILLOW,CERVICAL(FOR MILD SLEEP APNEA)"
"1341","C4291862","CPT","https://uts-ws.nlm.nih.gov/rest/content/2022AA/CUI/C4291862","Programming device evaluation of implanted neurostimulator pulse generator system for central sleep apnea"
"1342","C3175965","LNC","https://uts-ws.nlm.nih.gov/rest/content/2022AA/CUI/C3175965","Does this loss of sleep affect you the next day with respect to your mood"
"1343","C5141635","LNC","https://uts-ws.nlm.nih.gov/rest/content/2022AA/CUI/C5141635","When my child was in pain he or she went to sleep in past 7D"
"1344","C3699081","LNC","https://uts-ws.nlm.nih.gov/rest/content/2022AA/CUI/C3699081","I woke up and had trouble falling back to sleep in past 7D:Find:7D:^Patient:Ord:PROMIS"
"1345","C3699103","LNC","https://uts-ws.nlm.nih.gov/rest/content/2022AA/CUI/C3699103","I had problems during the day because of poor sleep in past 7D:Find:7D:^Patient:Ord:PROMIS"
"1346","C3699104","LNC","https://uts-ws.nlm.nih.gov/rest/content/2022AA/CUI/C3699104","I had a hard time concentrating because of poor sleep in past 7D:Find:7D:^Patient:Ord:PROMIS"
"1347","C3175916","LNC","https://uts-ws.nlm.nih.gov/rest/content/2022AA/CUI/C3175916","Do you normally work or attend school during the D and sleep at night:Find:Pt:^Patient:Ord:PhenX"
"1348","C0270547","SNOMEDCT_US","https://uts-ws.nlm.nih.gov/rest/content/2022AA/CUI/C0270547","Sleep-wake schedule disorder, frequently changing type"
"1349","C0508880","NIC","https://uts-ws.nlm.nih.gov/rest/content/2022AA/CUI/C0508880","Assist patient to limit daytime sleep by providing activity that promotes wakefulness, as appropriate"
"1350","C4067659","CPT","https://uts-ws.nlm.nih.gov/rest/content/2022AA/CUI/C4067659","Programming device evaluation of implanted neurostimulator pulse generator system for central sleep apnea; single session"
"1351","C0510772","NIC","https://uts-ws.nlm.nih.gov/rest/content/2022AA/CUI/C0510772","Encourage patient to establish a bedtime routine to facilitate transition from wakefulness to sleep"
"1352","C4225169","OMIM","https://uts-ws.nlm.nih.gov/rest/content/2022AA/CUI/C4225169","ADVANCED SLEEP PHASE SYNDROME, FAMILIAL, 3"
"1353","C2751816","OMIM","https://uts-ws.nlm.nih.gov/rest/content/2022AA/CUI/C2751816","Earlier sleep-offset time (earlier awakening)"
"1354","C5194114","OMIM","https://uts-ws.nlm.nih.gov/rest/content/2022AA/CUI/C5194114","Sleep apnea (obstructive, central, or mixed)"
"1355","C3807327","OMIM","https://uts-ws.nlm.nih.gov/rest/content/2022AA/CUI/C3807327","ADVANCED SLEEP PHASE SYNDROME, FAMILIAL, 1"
"1356","C3279991","OMIM","https://uts-ws.nlm.nih.gov/rest/content/2022AA/CUI/C3279991","DELAYED SLEEP PHASE DISORDER, SUSCEPTIBILITY TO"
"1357","C4228580","OMIM","https://uts-ws.nlm.nih.gov/rest/content/2022AA/CUI/C4228580","Sleep disturbances due to leg pain"
"1358","C4295351","MEDCIN","https://uts-ws.nlm.nih.gov/rest/content/2022AA/CUI/C4295351","medicated level of sedation: frequently drowsy, arousable, drifting off to sleep during conversation"
"1359","C5416618","CPT","https://uts-ws.nlm.nih.gov/rest/content/2022AA/CUI/C5416618","Insertion or replacement of complete neurostimulator system for treatment of central sleep apnea, sensing leads only"
"1360","C3174103","LNC","https://uts-ws.nlm.nih.gov/rest/content/2022AA/CUI/C3174103","Have you ever been concerned about your childs breathing during sleep"
"1361","C5143330","LNC","https://uts-ws.nlm.nih.gov/rest/content/2022AA/CUI/C5143330","When my child was in pain he or she went to sleep in past 7D:Find:7D:^Patient:Ord:PROMIS.PARENTPROXY"
"1362","C4237287","DSM-5","https://uts-ws.nlm.nih.gov/rest/content/2022AA/CUI/C4237287","Other (or unknown) substance-induced sleep disorder, With moderate or severe use disorder"
"1363","C4236979","DSM-5","https://uts-ws.nlm.nih.gov/rest/content/2022AA/CUI/C4236979","Amphetamine (or other stimulant)-induced sleep disorder, With moderate or severe use disorder"
"1364","C5424841","LNC","https://uts-ws.nlm.nih.gov/rest/content/2022AA/CUI/C5424841","During the past 4W, my skin condition affects how well I sleep"
"1365","C0041228","MTH","https://uts-ws.nlm.nih.gov/rest/content/2022AA/CUI/C0041228","African Trypanosomiasis"
"1366","C3827226","NCI","https://uts-ws.nlm.nih.gov/rest/content/2022AA/CUI/C3827226","NPI - Sleep/Night Behavior Disorder FxS Score"
"1367","C5420571","NCI","https://uts-ws.nlm.nih.gov/rest/content/2022AA/CUI/C5420571","IBDQ - Problems Getting Sleep or Waking Up"
"1368","C3641440","NCI","https://uts-ws.nlm.nih.gov/rest/content/2022AA/CUI/C3641440","NPI - Sleep and Nighttime Behavior Disorders Distress"
"1369","C3641438","NCI","https://uts-ws.nlm.nih.gov/rest/content/2022AA/CUI/C3641438","NPI - Sleep and Nighttime Behavior Disorders Frequency"
"1370","C4744898","NCI","https://uts-ws.nlm.nih.gov/rest/content/2022AA/CUI/C4744898","REM to Total Sleep Time Ratio Measurement"
"1371","C3641439","NCI","https://uts-ws.nlm.nih.gov/rest/content/2022AA/CUI/C3641439","NPI - Sleep and Nighttime Behavior Disorders Severity"
"1372","C3639354","NCI","https://uts-ws.nlm.nih.gov/rest/content/2022AA/CUI/C3639354","BPI Short Form - Pain Interfered with Sleep"
"1373","C3831498","NCI","https://uts-ws.nlm.nih.gov/rest/content/2022AA/CUI/C3831498","AQ20 - Feel Breathless When Trying to Sleep"
"1374","C1325862","GO","https://uts-ws.nlm.nih.gov/rest/content/2022AA/CUI/C1325862","regulation of circadian sleep/wake cycle"
"1375","C4525930","NCI","https://uts-ws.nlm.nih.gov/rest/content/2022AA/CUI/C4525930","Some Urinary Frequency or Urgency that Interferes with Sleep or Other Activities; May Need to Plan Ahead"
"1376","C0548513","PCDS","https://uts-ws.nlm.nih.gov/rest/content/2022AA/CUI/C0548513","Patient will experience uninterrupted 60-90 minute sleep cycles to allow for adequate rest."
"1377","C0547110","PCDS","https://uts-ws.nlm.nih.gov/rest/content/2022AA/CUI/C0547110","Provide or encourage diversional activity or exercise during day to promote sleep at night."
"1378","C5453611","LNC","https://uts-ws.nlm.nih.gov/rest/content/2022AA/CUI/C5453611","Sleep Panel:-:Pt:^Patient:-:R-Outcomes"
"1379","C5424645","LNC","https://uts-ws.nlm.nih.gov/rest/content/2022AA/CUI/C5424645","Sleep quality - 1-5 numeric rating"
"1380","C3483423","LNC","https://uts-ws.nlm.nih.gov/rest/content/2022AA/CUI/C3483423","At any time in your life have you needed less sleep than usual"
"1381","C2875257","MEDCIN","https://uts-ws.nlm.nih.gov/rest/content/2022AA/CUI/C2875257","sleep-related hypoventilation in conditions classified elsewhere"
"1382","C3697918","SNOMEDCT_US","https://uts-ws.nlm.nih.gov/rest/content/2022AA/CUI/C3697918","Pulmonary hypertension due to sleep-disordered breathing"
"1383","C5230291","SNOMEDCT_US","https://uts-ws.nlm.nih.gov/rest/content/2022AA/CUI/C5230291","Sleep-related movement disorder caused by drug"
"1384","C1960054","SNOMEDCT_US","https://uts-ws.nlm.nih.gov/rest/content/2022AA/CUI/C1960054","Sleep hypoventilation due to lower airway obstruction"
"1385","C5230292","SNOMEDCT_US","https://uts-ws.nlm.nih.gov/rest/content/2022AA/CUI/C5230292","Sleep-related movement disorder caused by substance"
"1386","C4076035","SNOMEDCT_US","https://uts-ws.nlm.nih.gov/rest/content/2022AA/CUI/C4076035","Sleep disorder caused by reverse transcriptase inhibitor"
"1387","C4280100","NUCCHCPT","https://uts-ws.nlm.nih.gov/rest/content/2022AA/CUI/C4280100","Other Service Providers; ""Sleep Specialist, PhD"""
"1388","C4280132","NUCCHCPT","https://uts-ws.nlm.nih.gov/rest/content/2022AA/CUI/C4280132","Allopathic & Osteopathic Physicians; Otolaryngology, Sleep Medicine"
"1389","C4280138","NUCCHCPT","https://uts-ws.nlm.nih.gov/rest/content/2022AA/CUI/C4280138","Allopathic & Osteopathic Physicians; Pediatrics, Sleep Medicine"
"1390","C4062610","NANDA-I","https://uts-ws.nlm.nih.gov/rest/content/2022AA/CUI/C4062610","Sleep disturbance producing next-day consequences"
"1391","C3483422","LNC","https://uts-ws.nlm.nih.gov/rest/content/2022AA/CUI/C3483422","At any time in your life have you needed less sleep than usual:Find:Lifetime:^Patient:Ord:M3"
"1392","C4716656","NOC","https://uts-ws.nlm.nih.gov/rest/content/2022AA/CUI/C4716656","Importance of adequate sleep-wake pattern"
"1393","C4032992","RXNORM","https://uts-ws.nlm.nih.gov/rest/content/2022AA/CUI/C4032992","diphenhydramine hydrochloride 25 MG Oral Tablet [Wal-Sleep Z]"
"1394","C3528836","RXNORM","https://uts-ws.nlm.nih.gov/rest/content/2022AA/CUI/C3528836","diphenhydramine hydrochloride 25 MG Oral Capsule [Wal-Sleep Z]"
"1395","C3825058","LCH_NW","https://uts-ws.nlm.nih.gov/rest/content/2022AA/CUI/C3825058","Sleep apnea syndromes in old age"
"1396","C0307634","SNMI","https://uts-ws.nlm.nih.gov/rest/content/2022AA/CUI/C0307634","Sleepinal Night-time Sleep Aid Capsules"
"1397","C3843147","LNC","https://uts-ws.nlm.nih.gov/rest/content/2022AA/CUI/C3843147","I wake up at least once a night, but I go back to sleep easily"
"1398","C3709991","RXNORM","https://uts-ws.nlm.nih.gov/rest/content/2022AA/CUI/C3709991","diphenhydramine hydrochloride 25 MG Oral Capsule [ZZZ Sleep]"
"1399","C4019484","RXNORM","https://uts-ws.nlm.nih.gov/rest/content/2022AA/CUI/C4019484","diphenhydramine hydrochloride 25 MG Oral Capsule [Unisom Sleep]"
"1400","C5415698","CPT","https://uts-ws.nlm.nih.gov/rest/content/2022AA/CUI/C5415698","Polysomnography, sleep staging with 4 or more additional parameters of sleep, attended by a technologist, patient 6 years of age or older"
"1401","C3856085","RXNORM","https://uts-ws.nlm.nih.gov/rest/content/2022AA/CUI/C3856085","diphenhydramine Disintegrating Oral Tablet [Wal-Sleep Z]"
"1402","C3528832","RXNORM","https://uts-ws.nlm.nih.gov/rest/content/2022AA/CUI/C3528832","diphenhydramine hydrochloride 25 MG [Wal-Sleep Z]"
"1403","C3666554","RXNORM","https://uts-ws.nlm.nih.gov/rest/content/2022AA/CUI/C3666554","diphenhydramine hydrochloride 1.67 MG/ML [ZZZ Sleep]"
"1404","C3819565","RXNORM","https://uts-ws.nlm.nih.gov/rest/content/2022AA/CUI/C3819565","diphenhydramine hydrochloride 1.67 MG/ML [Z-Sleep]"
"1405","C3709733","RXNORM","https://uts-ws.nlm.nih.gov/rest/content/2022AA/CUI/C3709733","diphenhydramine hydrochloride 1.67 MG/ML [Unisom Sleep]"
"1406","C2368405","HCPCS","https://uts-ws.nlm.nih.gov/rest/content/2022AA/CUI/C2368405","Home sleep test (hst) with type iv portable monitor, unattended; minimum of 3 channels"
"1407","C3259176","LNC","https://uts-ws.nlm.nih.gov/rest/content/2022AA/CUI/C3259176","End time - right before going to sleep:ClockTime:Pt:^Patient:Qn:PhenX"
"1408","C0057039","MSH","https://uts-ws.nlm.nih.gov/rest/content/2022AA/CUI/C0057039","delta-sleep-inducing peptide amine, Ala(4)-"
"1409","C1836912","OMIM","https://uts-ws.nlm.nih.gov/rest/content/2022AA/CUI/C1836912","Milder cases have isolated recurrent daytime sleepiness and/or lapses into sleep without cataplexy"
"1410","C3175974","LNC","https://uts-ws.nlm.nih.gov/rest/content/2022AA/CUI/C3175974","How does this loss of sleep affect you the next D with respect to your mood"
"1411","C5415695","CPT","https://uts-ws.nlm.nih.gov/rest/content/2022AA/CUI/C5415695","Polysomnography, sleep staging with 4 or more additional parameters of sleep, attended by a technologist, patient younger than 6 years of age"
"1412","C3196601","MMX","https://uts-ws.nlm.nih.gov/rest/content/2022AA/CUI/C3196601","Multivitamin Oral Tablet [SLEEP AND GET TRIM]"
"1413","C5423087","UMD","https://uts-ws.nlm.nih.gov/rest/content/2022AA/CUI/C5423087","Purchased Services, Clinical and Biomedical, Sleep Testing"
"1414","C3175973","LNC","https://uts-ws.nlm.nih.gov/rest/content/2022AA/CUI/C3175973","How does this loss of sleep affect you the next D with respect to your mood:Find:Pt:^Patient:Ord:PhenX"
"1415","C3691731","UMD","https://uts-ws.nlm.nih.gov/rest/content/2022AA/CUI/C3691731","Occlusal Splints, Obstructive Sleep Apnea/Anti-Snoring"
"1416","C4489966","GS","https://uts-ws.nlm.nih.gov/rest/content/2022AA/CUI/C4489966","CVS Nighttime Sleep-Aid 50mg Effervescent Tablet"
"1417","C0725322","MMSL","https://uts-ws.nlm.nih.gov/rest/content/2022AA/CUI/C0725322","Beauty Glove While-U-Sleep Extra Large"
"1418","C3509732","MEDCIN","https://uts-ws.nlm.nih.gov/rest/content/2022AA/CUI/C3509732","polysomnography, 4+ additional sleep parameters, initiation of CPAP therapy/bilevel ventilation, 6 years or older"
"1419","C0810693","NIC","https://uts-ws.nlm.nih.gov/rest/content/2022AA/CUI/C0810693","Apply dressings or splints to hand or elbow during sleep to limit uncontrollable scratching, as appropriate"
"1420","C3176083","LNC","https://uts-ws.nlm.nih.gov/rest/content/2022AA/CUI/C3176083","Does this loss of sleep affect you the next day with respect to your tendency to be irritable"
"1421","C3277425","OMIM","https://uts-ws.nlm.nih.gov/rest/content/2022AA/CUI/C3277425","Sleep disorder with severe insomnia (in adulthood)"
"1422","C3176082","LNC","https://uts-ws.nlm.nih.gov/rest/content/2022AA/CUI/C3176082","Does this loss of sleep affect you the next day with respect to your tendency to be irritable:Find:Pt:^Patient:Ord:PhenX"
"1423","C2013976","MEDCIN","https://uts-ws.nlm.nih.gov/rest/content/2022AA/CUI/C2013976","organic idiopathic sleep-related nonobstructive alveolar hypoventilation"
"1424","C4064426","MEDCIN","https://uts-ws.nlm.nih.gov/rest/content/2022AA/CUI/C4064426","nightmare disorder with associated non-sleep disorder"
"1425","C0547108","PCDS","https://uts-ws.nlm.nih.gov/rest/content/2022AA/CUI/C0547108","Encourage significant other(s) to bring items from home to promote sleep (pillow, etc.)."
"1426","C4763856","NCI","https://uts-ws.nlm.nih.gov/rest/content/2022AA/CUI/C4763856","Behavioral Measures For Treating Sleep Disordered Breathing"
"1427","C3641008","NCI","https://uts-ws.nlm.nih.gov/rest/content/2022AA/CUI/C3641008","PROMIS Adult Sleep-Related Impairment Item Bank"
"1428","C0852563","NCI","https://uts-ws.nlm.nih.gov/rest/content/2022AA/CUI/C0852563","Sleep Disorder due to General Medical Condition"
"1429","C4709625","NIC","https://uts-ws.nlm.nih.gov/rest/content/2022AA/CUI/C4709625","Assure that patient is not at risk for opioid use (e.g., history of obstructive or central sleep apnea)"
"1430","C5142512","LNC","https://uts-ws.nlm.nih.gov/rest/content/2022AA/CUI/C5142512","Current level of confidence I can keep my symptoms from interfering with my sleep"
"1431","C4055122","NCI","https://uts-ws.nlm.nih.gov/rest/content/2022AA/CUI/C4055122","Distressed by Sleep that is Restless and Disturbed"
"1432","C4331083","NCI","https://uts-ws.nlm.nih.gov/rest/content/2022AA/CUI/C4331083","Q-LES-Q - Felt You Got Enough Sleep"
"1433","C4526389","NCI","https://uts-ws.nlm.nih.gov/rest/content/2022AA/CUI/C4526389","PODCI Adolescent Parent-Reported Version - Sleep More Comfortably"
"1434","C4526478","NCI","https://uts-ws.nlm.nih.gov/rest/content/2022AA/CUI/C4526478","PODCI Adolescent Self-Reported Version - Sleep More Comfortably"
"1435","C4526297","NCI","https://uts-ws.nlm.nih.gov/rest/content/2022AA/CUI/C4526297","PODCI Pediatric Parent-Reported Version - Sleep More Comfortably"
"1436","C4744299","NCI","https://uts-ws.nlm.nih.gov/rest/content/2022AA/CUI/C4744299","SMDDS Version 1.0 - How Often Problem With Sleep"
"1437","C3641508","NCI","https://uts-ws.nlm.nih.gov/rest/content/2022AA/CUI/C3641508","OAB-q Short Form - Interfered with Getting Sleep"
"1438","C3639876","NCI","https://uts-ws.nlm.nih.gov/rest/content/2022AA/CUI/C3639876","UPDRS - Complications of Therapy: Other Complications - Sleep Disturbances"
"1439","C3641503","NCI","https://uts-ws.nlm.nih.gov/rest/content/2022AA/CUI/C3641503","OAB-q Short Form - Awakened You During Sleep"
"1440","C2963985","LNC","https://uts-ws.nlm.nih.gov/rest/content/2022AA/CUI/C2963985","I had a hard time controlling my emotions because of poor sleep in past 7D"
"1441","C4511502","SNOMEDCT_US","https://uts-ws.nlm.nih.gov/rest/content/2022AA/CUI/C4511502","Sleep-wake schedule disorder due to jet lag"
"1442","C4234129","GO","https://uts-ws.nlm.nih.gov/rest/content/2022AA/CUI/C4234129","inhibition of circadian sleep/wake cycle, wakefulness"
"1443","C2612139","GO","https://uts-ws.nlm.nih.gov/rest/content/2022AA/CUI/C2612139","regulation of circadian sleep/wake cycle, wakefulness"
"1444","C3173774","LNC","https://uts-ws.nlm.nih.gov/rest/content/2022AA/CUI/C3173774","In the last 12Mo, how often, on average, has your sleep been disturbed due to wheezing"
"1445","C3172993","LNC","https://uts-ws.nlm.nih.gov/rest/content/2022AA/CUI/C3172993","Does your child wake up early in the morning and have difficulty going back to sleep"
"1446","C5451747","LNC","https://uts-ws.nlm.nih.gov/rest/content/2022AA/CUI/C5451747","Has anyone expressed concern about your use of medication for anxiety or sleep in past 3Mo"
"1447","C2964053","LNC","https://uts-ws.nlm.nih.gov/rest/content/2022AA/CUI/C2964053","I was afraid I would not get back to sleep after waking up in past 7D"
"1448","C5229179","HCPCS","https://uts-ws.nlm.nih.gov/rest/content/2022AA/CUI/C5229179","Electronic positional obstructive sleep apnea treatment, with sensor, includes all components and accessories, any type"
"1449","C0512288","NIC","https://uts-ws.nlm.nih.gov/rest/content/2022AA/CUI/C0512288","Instruct patient how to perform autogenic muscle relaxation or other nonpharmacological forms of sleep inducement"
"1450","C3166337","LNC","https://uts-ws.nlm.nih.gov/rest/content/2022AA/CUI/C3166337","Sleep during the night in past 7D"
"1451","C2875256","ICD10CM","https://uts-ws.nlm.nih.gov/rest/content/2022AA/CUI/C2875256","Sleep related hypoxemia in conditions classified elsewhere"
"1452","C3509731","MEDCIN","https://uts-ws.nlm.nih.gov/rest/content/2022AA/CUI/C3509731","polysomnography, 4+ additional sleep parameters, initiation of CPAP therapy/bilevel ventilation, younger than 6 years"
"1453","C4745574","RXNORM","https://uts-ws.nlm.nih.gov/rest/content/2022AA/CUI/C4745574","diphenhydramine hydrochloride 25 MG Chewable Tablet [Wal-Sleep Z]"
"1454","C3666558","RXNORM","https://uts-ws.nlm.nih.gov/rest/content/2022AA/CUI/C3666558","diphenhydramine hydrochloride 1.67 MG/ML Oral Solution [ZZZ Sleep]"
"1455","C3176151","LNC","https://uts-ws.nlm.nih.gov/rest/content/2022AA/CUI/C3176151","Does this loss of sleep affect you the next day with respect to how much you eat"
"1456","C3699106","LNC","https://uts-ws.nlm.nih.gov/rest/content/2022AA/CUI/C3699106","I had a hard time controlling my emotions because of poor sleep in past 7D:Find:7D:^Patient:Ord:PROMIS"
"1457","C3704074","CPT","https://uts-ws.nlm.nih.gov/rest/content/2022AA/CUI/C3704074","Study of sleep and wake patterns including interpretation and report, minimum of 72 hours to 14 consecutive days of recording"
"1458","C4280125","NUCCHCPT","https://uts-ws.nlm.nih.gov/rest/content/2022AA/CUI/C4280125","Allopathic & Osteopathic Physicians; Internal Medicine, Sleep Medicine"
"1459","C4280120","NUCCHCPT","https://uts-ws.nlm.nih.gov/rest/content/2022AA/CUI/C4280120","Allopathic & Osteopathic Physicians; Family Medicine, Sleep Medicine"
"1460","C4280153","NUCCHCPT","https://uts-ws.nlm.nih.gov/rest/content/2022AA/CUI/C4280153","Allopathic & Osteopathic Physicians; Psychiatry & Neurology, Sleep Medicine"
"1461","C0237356","OMS","https://uts-ws.nlm.nih.gov/rest/content/2022AA/CUI/C0237356","insufficient sleep/rest for age/physical condition"
"1462","C3174239","LNC","https://uts-ws.nlm.nih.gov/rest/content/2022AA/CUI/C3174239","In the past Y, have you awakened too early in the morning and couldn't get back to sleep"
"1463","C5453272","LNC","https://uts-ws.nlm.nih.gov/rest/content/2022AA/CUI/C5453272","Has anyone expressed concern about your use of medication for anxiety or sleep in past 3Mo:Find:3Mo:^Patient:Ord:TAPS"
"1464","C3176150","LNC","https://uts-ws.nlm.nih.gov/rest/content/2022AA/CUI/C3176150","Does this loss of sleep affect you the next day with respect to how much you eat:Find:Pt:^Patient:Ord:PhenX"
"1465","C3699096","LNC","https://uts-ws.nlm.nih.gov/rest/content/2022AA/CUI/C3699096","I was afraid I would not get back to sleep after waking up in past 7D:Find:7D:^Patient:Ord:PROMIS"
"1466","C3666807","RXNORM","https://uts-ws.nlm.nih.gov/rest/content/2022AA/CUI/C3666807","diphenhydramine hydrochloride 1.67 MG/ML [Wal-Sleep Z]"
"1467","C0511502","NIC","https://uts-ws.nlm.nih.gov/rest/content/2022AA/CUI/C0511502","Group care activities to minimize number of awakenings; allow for sleep cycles of at least 90 minutes"
"1468","C3176155","LNC","https://uts-ws.nlm.nih.gov/rest/content/2022AA/CUI/C3176155","Does this loss of sleep affect you the next day with respect to your desire for chocolate or sweets"
"1469","C3176145","LNC","https://uts-ws.nlm.nih.gov/rest/content/2022AA/CUI/C3176145","How does this loss of sleep affect you the next day with respect to your tendency to be irritable"
"1470","C4525929","NCI","https://uts-ws.nlm.nih.gov/rest/content/2022AA/CUI/C4525929","Little Urinary Frequency or Urgency; Does not Interfere with Sleep or Other Activities"
"1471","C0234384","SNMI","https://uts-ws.nlm.nih.gov/rest/content/2022AA/CUI/C0234384","CEREBRAL FUNCTIONS INCLUDING STIMULI, CONSCIOUSNESS AND SLEEP"
"1472","C0308002","SNMI","https://uts-ws.nlm.nih.gov/rest/content/2022AA/CUI/C0308002","Unisom Dual Relief Nighttime Sleep Aid/Analgesic"
"1473","C3176144","LNC","https://uts-ws.nlm.nih.gov/rest/content/2022AA/CUI/C3176144","How does this loss of sleep affect you the next day with respect to your tendency to be irritable:Find:Pt:^Patient:Ord:PhenX"
"1474","C3176154","LNC","https://uts-ws.nlm.nih.gov/rest/content/2022AA/CUI/C3176154","Does this loss of sleep affect you the next day with respect to your desire for chocolate or sweets:Find:Pt:^Patient:Ord:PhenX"
"1475","C4052738","UMD","https://uts-ws.nlm.nih.gov/rest/content/2022AA/CUI/C4052738","Patient Positioning Aids, Obstructive Sleep Apnea/Anti-Snoring"
"1476","C1535888","MDR","https://uts-ws.nlm.nih.gov/rest/content/2022AA/CUI/C1535888","Sleep disorder due to a general medical condition"
"1477","C3248577","HCPCS","https://uts-ws.nlm.nih.gov/rest/content/2022AA/CUI/C3248577","Sleep apnea symptoms not assessed, reason not given"
"1478","C4237415","DSM-5","https://uts-ws.nlm.nih.gov/rest/content/2022AA/CUI/C4237415","Sleep-related hypoventilation, Congenital central alveolar hypoventilation"
"1479","C4237054","DSM-5","https://uts-ws.nlm.nih.gov/rest/content/2022AA/CUI/C4237054","Circadian rhythm sleep-wake disorders, Unspecified type"
"1480","C3175992","LNC","https://uts-ws.nlm.nih.gov/rest/content/2022AA/CUI/C3175992","Do attempts to change your sleep or wake schedule tend to make your sleeping difficulties worse"
"1481","C3175955","LNC","https://uts-ws.nlm.nih.gov/rest/content/2022AA/CUI/C3175955","How many H and Ms of sleep do you usually get when you take a nap"
"1482","C3693950","MEDCIN","https://uts-ws.nlm.nih.gov/rest/content/2022AA/CUI/C3693950","nursing goals sleep/rest patient verbalizes feeling rested"
"1483","C3843142","LNC","https://uts-ws.nlm.nih.gov/rest/content/2022AA/CUI/C3843142","I awaken at least one hour before I need to, and can't go back to sleep"
"1484","C0547098","PCDS","https://uts-ws.nlm.nih.gov/rest/content/2022AA/CUI/C0547098","Maintain home schedule of rest and sleep."
"1485","C0547097","PCDS","https://uts-ws.nlm.nih.gov/rest/content/2022AA/CUI/C0547097","Provide adequate periods of rest and sleep."
"1486","C0548511","PCDS","https://uts-ws.nlm.nih.gov/rest/content/2022AA/CUI/C0548511","Patient will experience adequate rest and sleep."
"1487","C3639682","NCI","https://uts-ws.nlm.nih.gov/rest/content/2022AA/CUI/C3639682","PDQUALIF - Trouble with Sleep Initiation or Waking Early"
"1488","C3639702","NCI","https://uts-ws.nlm.nih.gov/rest/content/2022AA/CUI/C3639702","PDQUALIF - Sleep with Partner in Past 7 Days"
"1489","C4086382","NCI","https://uts-ws.nlm.nih.gov/rest/content/2022AA/CUI/C4086382","Have Difficulty Getting to Sleep and Staying Asleep"
"1490","C3828081","NCI","https://uts-ws.nlm.nih.gov/rest/content/2022AA/CUI/C3828081","SGRQ Past 4 Weeks Version - Coughing Disturbs My Sleep"
"1491","C3828132","NCI","https://uts-ws.nlm.nih.gov/rest/content/2022AA/CUI/C3828132","SGRQ Past 3 Months Version - Coughing Disturbs My Sleep"
"1492","C3173185","LNC","https://uts-ws.nlm.nih.gov/rest/content/2022AA/CUI/C3173185","In the last 12Mo, how often, on average, has your childs sleep been disturbed due to wheezing"
"1493","C3175983","LNC","https://uts-ws.nlm.nih.gov/rest/content/2022AA/CUI/C3175983","At what time do you usually go to sleep - feel sleepy and ready to go to bed"
"1494","C0810891","NIC","https://uts-ws.nlm.nih.gov/rest/content/2022AA/CUI/C0810891","Consult with other health care personnel regarding use of supplemental oxygen during activity and/or sleep"
"1495","C3176153","LNC","https://uts-ws.nlm.nih.gov/rest/content/2022AA/CUI/C3176153","How does this loss of sleep affect you the next day with respect to how much you eat"
"1496","C3175985","LNC","https://uts-ws.nlm.nih.gov/rest/content/2022AA/CUI/C3175985","Are these usual sleep and wake times always about the same - each day during a week of vacation"
"1497","C3175982","LNC","https://uts-ws.nlm.nih.gov/rest/content/2022AA/CUI/C3175982","At what time do you usually go to sleep - feel sleepy and ready to go to bed:TmStp:Pt:^Patient:Qn:PhenX"
"1498","C3666810","RXNORM","https://uts-ws.nlm.nih.gov/rest/content/2022AA/CUI/C3666810","diphenhydramine hydrochloride 1.67 MG/ML Oral Solution [Wal-Sleep Z]"
"1499","C3166338","LNC","https://uts-ws.nlm.nih.gov/rest/content/2022AA/CUI/C3166338","Sleep or behavior disorders diagnosed or suspected in your child's brothers, sisters, or parents"
"1500","C3174237","LNC","https://uts-ws.nlm.nih.gov/rest/content/2022AA/CUI/C3174237","In the past Y, have you awakened during the night and had a hard time getting back to sleep"
"1501","C3176152","LNC","https://uts-ws.nlm.nih.gov/rest/content/2022AA/CUI/C3176152","How does this loss of sleep affect you the next day with respect to how much you eat:Find:Pt:^Patient:Ord:PhenX"
"1502","C3175967","LNC","https://uts-ws.nlm.nih.gov/rest/content/2022AA/CUI/C3175967","How quickly after this loss of sleep, do you return to your usual self if you are allowed to sleep as much as you like"
"1503","C4236192","GO","https://uts-ws.nlm.nih.gov/rest/content/2022AA/CUI/C4236192","negative regulation of circadian sleep/wake cycle, wakefulness"
"1504","C2612140","GO","https://uts-ws.nlm.nih.gov/rest/content/2022AA/CUI/C2612140","positive regulation of circadian sleep/wake cycle, wakefulness"
"1505","C0154570","MDR","https://uts-ws.nlm.nih.gov/rest/content/2022AA/CUI/C0154570","Phase-shift disruption of 24-hour sleep-wake cycle"
"1506","C3175144","LNC","https://uts-ws.nlm.nih.gov/rest/content/2022AA/CUI/C3175144","How does this loss of sleep affect you the next day with respect to your desire for chocolate or sweets"
"1507","C5211559","LNC","https://uts-ws.nlm.nih.gov/rest/content/2022AA/CUI/C5211559","How much of the time has pain made it hard for you to sleep at night over the past 5D"
"1508","C5426136","LNC","https://uts-ws.nlm.nih.gov/rest/content/2022AA/CUI/C5426136","Sleep quality - 1-5 numeric rating:Score:24H:^Patient:Qn"
"1509","C1561867","ICD9CM","https://uts-ws.nlm.nih.gov/rest/content/2022AA/CUI/C1561867","Sleep related hypoventilation/hypoxemia in conditions classifiable elsewhere"
"1510","C4710212","NIC","https://uts-ws.nlm.nih.gov/rest/content/2022AA/CUI/C4710212","Administer chemotherapeutic drugs in the late evening so the patient may sleep at the time emetic effects are greatest"
"1511","C3175143","LNC","https://uts-ws.nlm.nih.gov/rest/content/2022AA/CUI/C3175143","How does this loss of sleep affect you the next day with respect to your desire for chocolate or sweets:Find:Pt:^Patient:Ord:PhenX"
"1512","C0236957","MTH","https://uts-ws.nlm.nih.gov/rest/content/2022AA/CUI/C0236957","Sleep Disorder Due to Specified Medical Condition, Mixed Type"
"1513","C0236955","MTH","https://uts-ws.nlm.nih.gov/rest/content/2022AA/CUI/C0236955","Sleep Disorder Due to Specified Medical Condition, Insomnia Type"
"1514","C0236956","MTH","https://uts-ws.nlm.nih.gov/rest/content/2022AA/CUI/C0236956","Sleep Disorder Due to Specified Medical Condition, Hypersomnia Type"
"1515","C0236958","MTH","https://uts-ws.nlm.nih.gov/rest/content/2022AA/CUI/C0236958","Sleep Disorder Due to Specified Medical Condition, Parasomnia Type"
"1516","C3709736","RXNORM","https://uts-ws.nlm.nih.gov/rest/content/2022AA/CUI/C3709736","diphenhydramine hydrochloride 1.67 MG/ML Oral Solution [Unisom Sleep]"
"1517","C5415696","CPT","https://uts-ws.nlm.nih.gov/rest/content/2022AA/CUI/C5415696","Polysomnography, sleep staging with 4 or more additional parameters of sleep, with initiation of continuous positive airway pressure therapy or bi-level ventilation, attended by a technologist"
"1518","C3174078","LNC","https://uts-ws.nlm.nih.gov/rest/content/2022AA/CUI/C3174078","Has anyone noticed that you quit breathing during your sleep:Find:Pt:^Patient:Ord:PhenX"
"1519","C2739398","LNC","https://uts-ws.nlm.nih.gov/rest/content/2022AA/CUI/C2739398","Pain has made it hard to sleep:Find:RptPeriod:^Patient:Ord:CMS Assessment"
"1520","C4739994","LNC","https://uts-ws.nlm.nih.gov/rest/content/2022AA/CUI/C4739994","Over the past W, are you able to get a good night's sleep:Find:1W:^Patient:Ord:HAQ"
"1521","C4714105","NIC","https://uts-ws.nlm.nih.gov/rest/content/2022AA/CUI/C4714105","Instruct parent/caregiver to place infant on back to sleep and keep loose bedding, pillows, and toys out of crib"
"1522","C1739307","NIC","https://uts-ws.nlm.nih.gov/rest/content/2022AA/CUI/C1739307","Discuss with patient and family sleep-enhancing techniques"
"1523","C4713736","NIC","https://uts-ws.nlm.nih.gov/rest/content/2022AA/CUI/C4713736","Provide pamphlet with information about sleep-enhancement techniques"
"1524","C3255384","MMX","https://uts-ws.nlm.nih.gov/rest/content/2022AA/CUI/C3255384","Gel, Multi Ingredient Topical application Pad [SLEEP-N-HEEL]"
"1525","C1255923","CPM","https://uts-ws.nlm.nih.gov/rest/content/2022AA/CUI/C1255923","Assessment of Patient Status Related to Sleep Pattern Disturbance"
"1526","C3689256","UMD","https://uts-ws.nlm.nih.gov/rest/content/2022AA/CUI/C3689256","Occlusal Splints, Obstructive Sleep Apnea/Anti-Snoring, Mandibular Repositioning"
"1527","C3689255","UMD","https://uts-ws.nlm.nih.gov/rest/content/2022AA/CUI/C3689255","Occlusal Splints, Obstructive Sleep Apnea/Anti-Snoring, Palate Lifting"
"1528","C3689257","UMD","https://uts-ws.nlm.nih.gov/rest/content/2022AA/CUI/C3689257","Occlusal Splints, Obstructive Sleep Apnea/Anti-Snoring, Tongue Retaining"
"1529","C0855250","MDR","https://uts-ws.nlm.nih.gov/rest/content/2022AA/CUI/C0855250","Sleep disorder due to general medical condition, mixed type"
"1530","C0855251","MDR","https://uts-ws.nlm.nih.gov/rest/content/2022AA/CUI/C0855251","Sleep disorder due to general medical condition, parasomnia type"
"1531","C0855248","MDR","https://uts-ws.nlm.nih.gov/rest/content/2022AA/CUI/C0855248","Sleep disorder due to general medical condition, hypersomnia type"
"1532","C0855249","MDR","https://uts-ws.nlm.nih.gov/rest/content/2022AA/CUI/C0855249","Sleep disorder due to general medical condition, insomnia type"
"1533","C3166718","LNC","https://uts-ws.nlm.nih.gov/rest/content/2022AA/CUI/C3166718","When you do doze off during the D and take a nap, do you find this sleep refreshing"
"1534","C3261681","LNC","https://uts-ws.nlm.nih.gov/rest/content/2022AA/CUI/C3261681","I avoided or cancelled activities with my friends because I was tired from having a bad night's sleep"
"1535","C3172987","LNC","https://uts-ws.nlm.nih.gov/rest/content/2022AA/CUI/C3172987","Does your child bang his or her head or rock his or her body when going to sleep"
"1536","C4688117","NCI","https://uts-ws.nlm.nih.gov/rest/content/2022AA/CUI/C4688117","Peds-FACIT-F - I Needed to Sleep During the Day"
"1537","C5556051","NCI","https://uts-ws.nlm.nih.gov/rest/content/2022AA/CUI/C5556051","FACT-BP Version 4 - Bone Pain Interferes w/My Sleep"
"1538","C2751817","OMIM","https://uts-ws.nlm.nih.gov/rest/content/2022AA/CUI/C2751817","Normal sleep-onset time (normal time of falling asleep)"
"1539","C3176026","LNC","https://uts-ws.nlm.nih.gov/rest/content/2022AA/CUI/C3176026","When you do doze off during the D and take a nap, do you find this sleep refreshing:Find:Pt:^Patient:Ord:PhenX"
"1540","C2013990","MEDCIN","https://uts-ws.nlm.nih.gov/rest/content/2022AA/CUI/C2013990","organic sleep-related hypoventilation or hypoxemia in other conditions"
"1541","C3248581","HCPCS","https://uts-ws.nlm.nih.gov/rest/content/2022AA/CUI/C3248581","Moderate or severe obstructive sleep apnea (apnea hypopnea index (ahi) or respiratory disturbance index (rdi) of 15 or greater)"
"1542","C3511616","CPT","https://uts-ws.nlm.nih.gov/rest/content/2022AA/CUI/C3511616","Polysomnography; younger than 6 years, sleep staging with 4 or more additional parameters of sleep, with initiation of continuous positive airway pressure therapy or bi-level ventilation, attended by a technologist"
"1543","C0520404","CPT","https://uts-ws.nlm.nih.gov/rest/content/2022AA/CUI/C0520404","Polysomnography; age 6 years or older, sleep staging with 4 or more additional parameters of sleep, with initiation of continuous positive airway pressure therapy or bilevel ventilation, attended by a technologist"
"1544","C3176147","LNC","https://uts-ws.nlm.nih.gov/rest/content/2022AA/CUI/C3176147","Does this loss of sleep affect you the next day with respect to your ability to get your work done"
"1545","C4237053","DSM-5","https://uts-ws.nlm.nih.gov/rest/content/2022AA/CUI/C4237053","Circadian rhythm sleep-wake disorders, Shift work type"
"1546","C0548810","PCDS","https://uts-ws.nlm.nih.gov/rest/content/2022AA/CUI/C0548810","Sleep or rest disturbance caused by decreased mobility"
"1547","C0548812","PCDS","https://uts-ws.nlm.nih.gov/rest/content/2022AA/CUI/C0548812","Sleep or rest disturbance caused by pain / discomfort"
"1548","C0548811","PCDS","https://uts-ws.nlm.nih.gov/rest/content/2022AA/CUI/C0548811","Sleep or rest disturbance caused by therapeutic interventions"
"1549","C4711776","NIC","https://uts-ws.nlm.nih.gov/rest/content/2022AA/CUI/C4711776","Instruct the patient on lifestyle modification related to sleep and rest patterns (e.g., 8 hours per night is recommended)"
"1550","C3176146","LNC","https://uts-ws.nlm.nih.gov/rest/content/2022AA/CUI/C3176146","Does this loss of sleep affect you the next day with respect to your ability to get your work done:Find:Pt:^Patient:Ord:PhenX"
"1551","C3173744","LNC","https://uts-ws.nlm.nih.gov/rest/content/2022AA/CUI/C3173744","In the last 12Mo, have you been awakened from sleep by shortness of breath or a feeling of tightness in your chest"
"1552","C5211558","LNC","https://uts-ws.nlm.nih.gov/rest/content/2022AA/CUI/C5211558","How much of the time has pain made it hard for you to sleep at night over the past 5D:Find:5D:^Patient:Ord:CMS Assessment"
"1553","C3173743","LNC","https://uts-ws.nlm.nih.gov/rest/content/2022AA/CUI/C3173743","In the last 12Mo, have you been awakened from sleep by shortness of breath or a feeling of tightness in your chest:Find:12Mo:^Patient:Ord:PhenX"
"1554","C3856087","RXNORM","https://uts-ws.nlm.nih.gov/rest/content/2022AA/CUI/C3856087","diphenhydramine hydrochloride 25 MG Disintegrating Oral Tablet [Wal-Sleep Z]"
"1555","C0516123","NIC","https://uts-ws.nlm.nih.gov/rest/content/2022AA/CUI/C0516123","Teach patient to gently wash and comb hair and to sleep on a silk pillowcase to prevent further hair loss, as appropriate"
"1556","C3175860","LNC","https://uts-ws.nlm.nih.gov/rest/content/2022AA/CUI/C3175860","Sleep during the night in past 7D:Find:7D:^Patient:Nom:QIDS"
"1557","C3174080","LNC","https://uts-ws.nlm.nih.gov/rest/content/2022AA/CUI/C3174080","How often do you feel tired or fatigued after your sleep:Find:Pt:^Patient:Ord:PhenX"
"1558","C2944700","ICD10PCS","https://uts-ws.nlm.nih.gov/rest/content/2022AA/CUI/C2944700","Measurement and Monitoring @ Physiological Systems @ Monitoring @ None @ External @ Sleep"
"1559","C2944673","ICD10PCS","https://uts-ws.nlm.nih.gov/rest/content/2022AA/CUI/C2944673","Measurement and Monitoring @ Physiological Systems @ Measurement @ None @ External @ Sleep"
"1560","C3175421","LNC","https://uts-ws.nlm.nih.gov/rest/content/2022AA/CUI/C3175421","During the daytime, do you experience an overwhelming desire to go to sleep - so overwhelming that you cannot resist"
"1561","C1255870","CPM","https://uts-ws.nlm.nih.gov/rest/content/2022AA/CUI/C1255870","Assessment of Patient Knowledge Related to Sleep and Rest Pattern"
"1562","C1255874","CPM","https://uts-ws.nlm.nih.gov/rest/content/2022AA/CUI/C1255874","Assessment of Family Status Related to Sleep and Rest Pattern"
"1563","C1255872","CPM","https://uts-ws.nlm.nih.gov/rest/content/2022AA/CUI/C1255872","Assessment of Family Behavior Related to Sleep and Rest Pattern"
"1564","C1255869","CPM","https://uts-ws.nlm.nih.gov/rest/content/2022AA/CUI/C1255869","Assessment of Patient Behavior Related to Sleep and Rest Pattern"
"1565","C1255871","CPM","https://uts-ws.nlm.nih.gov/rest/content/2022AA/CUI/C1255871","Assessment of Patient Status Related to Sleep and Rest Pattern"
"1566","C1255873","CPM","https://uts-ws.nlm.nih.gov/rest/content/2022AA/CUI/C1255873","Assessment of Family Knowledge Related to Sleep and Rest Pattern"
"1567","C4052739","UMD","https://uts-ws.nlm.nih.gov/rest/content/2022AA/CUI/C4052739","Patient Positioning Aids, Obstructive Sleep Apnea/Anti-Snoring, Side-Sleeping"
"1568","C4287327","UMD","https://uts-ws.nlm.nih.gov/rest/content/2022AA/CUI/C4287327","Procedure Kit/Trays, Obstructive Sleep Apnea/Anti-Snoring, Tongue/Hyoid"
"1569","C0508591","NIC","https://uts-ws.nlm.nih.gov/rest/content/2022AA/CUI/C0508591","Approximate patient's regular sleep/wake cycle in planning care"
"1570","C4738832","LNC","https://uts-ws.nlm.nih.gov/rest/content/2022AA/CUI/C4738832","Over the last W, on how many nights has your or your child's sleep been disturbed because of the eczema"
"1571","C4527323","NCI","https://uts-ws.nlm.nih.gov/rest/content/2022AA/CUI/C4527323","How Many Times Typically Get Up to Urinate During Nighttime Sleep"
"1572","C4289454","NCI","https://uts-ws.nlm.nih.gov/rest/content/2022AA/CUI/C4289454","FACIT-F Version 4 - I Need to Sleep During the Day"
"1573","C3176149","LNC","https://uts-ws.nlm.nih.gov/rest/content/2022AA/CUI/C3176149","How does this loss of sleep affect you the next day with respect to your ability to get your work done"
"1574","C5415699","CPT","https://uts-ws.nlm.nih.gov/rest/content/2022AA/CUI/C5415699","Polysomnography, sleep staging with 4 or more additional parameters of sleep, with initiation of continuous positive airway pressure therapy, attended by a technologist, patient 6 years of age or older"
"1575","C2111849","MEDCIN","https://uts-ws.nlm.nih.gov/rest/content/2022AA/CUI/C2111849","polysomnography: failure to control apnea due to nasal obstruction"
"1576","C2111848","MEDCIN","https://uts-ws.nlm.nih.gov/rest/content/2022AA/CUI/C2111848","polysomnography: failure to control apnea due to intolerance of mask"
"1577","C2111847","MEDCIN","https://uts-ws.nlm.nih.gov/rest/content/2022AA/CUI/C2111847","polysomnography: failure to control apnea at maximum tolerable pressure"
"1578","C5436821","OMIM","https://uts-ws.nlm.nih.gov/rest/content/2022AA/CUI/C5436821","NEURODEVELOPMENTAL DISORDER WITH DYSMORPHIC FACIES, SLEEP DISTURBANCE, AND BRAIN ABNORMALITIES"
"1579","C4738831","LNC","https://uts-ws.nlm.nih.gov/rest/content/2022AA/CUI/C4738831","Over the last W, on how many nights has your or your child's sleep been disturbed because of the eczema:Find:1W:^Patient:Ord:POEM"
"1580","C3176148","LNC","https://uts-ws.nlm.nih.gov/rest/content/2022AA/CUI/C3176148","How does this loss of sleep affect you the next day with respect to your ability to get your work done:Find:Pt:^Patient:Ord:PhenX"
"1581","C2183892","MEDCIN","https://uts-ws.nlm.nih.gov/rest/content/2022AA/CUI/C2183892","weakness in limb when falling asleep or awakening (sleep paral)"
"1582","C3175946","LNC","https://uts-ws.nlm.nih.gov/rest/content/2022AA/CUI/C3175946","How many Hs of sleep per night do you think you need to feel fully rested the next day"
"1583","C3176360","LNC","https://uts-ws.nlm.nih.gov/rest/content/2022AA/CUI/C3176360","Sleep or behavior disorders diagnosed or suspected in your child's brothers, sisters, or parents:Find:Pt:^Family member:Nom:PhenX"
"1584","C4711866","NIC","https://uts-ws.nlm.nih.gov/rest/content/2022AA/CUI/C4711866","Elicit patient's descriptive experience of hypotension (e.g., occurrences, situations, causes, time of day, food or medication intake, sleep patterns)"
"1585","C3175969","LNC","https://uts-ws.nlm.nih.gov/rest/content/2022AA/CUI/C3175969","Do you prefer to keep a regular sleep schedule - one that does not change much from one night to the next"
"1586","C3260383","LNC","https://uts-ws.nlm.nih.gov/rest/content/2022AA/CUI/C3260383","How often did you have difficulty getting a good night's sleep because of your heartburn or regurgitation in the past 7D"
"1587","C3174102","LNC","https://uts-ws.nlm.nih.gov/rest/content/2022AA/CUI/C3174102","Have you ever been concerned about your childs breathing during sleep:Find:Pt:^Patient:Ord:PhenX"
"1588","C5449681","MTHSPL","https://uts-ws.nlm.nih.gov/rest/content/2022AA/CUI/C5449681","DIPHENHYDRAMINE HYDROCHLORIDE 50 mg ORAL CAPSULE, LIQUID FILLED [Sleep Aid Nighttime]"
"1589","C4224668","MTHSPL","https://uts-ws.nlm.nih.gov/rest/content/2022AA/CUI/C4224668","DIPHENHYDRAMINE HYDROCHLORIDE 25 mg ORAL CAPSULE [Wal Som Nighttime Sleep Aid]"
"1590","C5238443","NCI","https://uts-ws.nlm.nih.gov/rest/content/2022AA/CUI/C5238443","Severity of Sleep Difficulty Because of Pain in Arm, Shoulder, or Hand"
"1591","C5558660","MMSL","https://uts-ws.nlm.nih.gov/rest/content/2022AA/CUI/C5558660","AllerLife Sleep Daily Wellness Support, Multiple Vitamins with Minerals oral capsule"
"1592","C3173742","LNC","https://uts-ws.nlm.nih.gov/rest/content/2022AA/CUI/C3173742","In the last 12Mo, have you been awakened from sleep by coughing, apart from a cough associated with a cold or chest infection"
"1593","C3260382","LNC","https://uts-ws.nlm.nih.gov/rest/content/2022AA/CUI/C3260382","How often did you have difficulty getting a good night's sleep because of your heartburn or regurgitation in the past 7D:NRat:7D:^Patient:Ord:PhenX"
"1594","C0508158","NIC","https://uts-ws.nlm.nih.gov/rest/content/2022AA/CUI/C0508158","Adjust medication administration schedule to support patient's sleep/wake cycle"
"1595","C5443537","MMX","https://uts-ws.nlm.nih.gov/rest/content/2022AA/CUI/C5443537","Magnesium Citrate/Melatonin 71.5 MG-1 MG Oral Tablet [SLOWMAG MG CALM+SLEEP]"
"1596","C3173741","LNC","https://uts-ws.nlm.nih.gov/rest/content/2022AA/CUI/C3173741","In the last 12Mo, have you been awakened from sleep by coughing, apart from a cough associated with a cold or chest infection:Find:12Mo:^Patient:Ord:PhenX"
"1597","C3177085","LNC","https://uts-ws.nlm.nih.gov/rest/content/2022AA/CUI/C3177085","How often do you remember your dreams - that is, dreams that occur during your regular sleep and not while napping"
"1598","C3843143","LNC","https://uts-ws.nlm.nih.gov/rest/content/2022AA/CUI/C3843143","I almost always awaken at least one hour or so before I need to, but I go back to sleep eventually"
"1599","C3175949","LNC","https://uts-ws.nlm.nih.gov/rest/content/2022AA/CUI/C3175949","How often do you remember your dreams - that is, dreams that occur during your regular sleep and not while napping:NRat:Pt:^Patient:Ord:PhenX"
"1600","C3175404","LNC","https://uts-ws.nlm.nih.gov/rest/content/2022AA/CUI/C3175404","How many separate times in your life have you had difficulty getting to sleep, staying asleep or falling back to sleep after waking up during the night, for at least 1Mo"
"1601","C4036781","LNC","https://uts-ws.nlm.nih.gov/rest/content/2022AA/CUI/C4036781","During the past 24H, how has pain interfered with your sleep:Score:24H:^Patient:Ord:BPI.short"
"1602","C5426319","LNC","https://uts-ws.nlm.nih.gov/rest/content/2022AA/CUI/C5426319","During the past 4W, my skin condition affects how well I sleep:Find:4W:^Patient:Ord:Skindex-29"
"1603","C5144452","LNC","https://uts-ws.nlm.nih.gov/rest/content/2022AA/CUI/C5144452","Current level of confidence I can keep my symptoms from interfering with my sleep:Find:Pt:^Patient:Ord:PROMIS"
"1604","C3174238","LNC","https://uts-ws.nlm.nih.gov/rest/content/2022AA/CUI/C3174238","In the past Y, have you awakened too early in the morning and couldn't get back to sleep:Find:1Y:^Patient:Ord:PhenX"
"1605","C4688107","NCI","https://uts-ws.nlm.nih.gov/rest/content/2022AA/CUI/C4688107","FACIT-Fatigue 13-Item Version 4 - I Need to Sleep During the Day"
"1606","C0547594","PCDS","https://uts-ws.nlm.nih.gov/rest/content/2022AA/CUI/C0547594","Assess behavioral changes such as irritability, decreased sleep, decreased appetite."
"1607","C3166336","LNC","https://uts-ws.nlm.nih.gov/rest/content/2022AA/CUI/C3166336","Sleep disorders diagnosed or suspected by a physician in your child"
"1608","C4067648","CPT","https://uts-ws.nlm.nih.gov/rest/content/2022AA/CUI/C4067648","Insertion or replacement of neurostimulator system for treatment of central sleep apnea; complete system (transvenous placement of right or left stimulation lead, sensing lead, implantable pulse generator)"
"1609","C5451746","LNC","https://uts-ws.nlm.nih.gov/rest/content/2022AA/CUI/C5451746","Have you had a strong desire or urge to use medications for anxiety or sleep at least once a week or more often in past 3Mo"
"1610","C2874960","ICD10CM","https://uts-ws.nlm.nih.gov/rest/content/2022AA/CUI/C2874960","Sleep disorders not due to a substance or known physiological condition"
"1611","C3176075","LNC","https://uts-ws.nlm.nih.gov/rest/content/2022AA/CUI/C3176075","Do you ever move so much during your sleep that you accidentally hit your bed partner, if any, or hurt yourself?"
"1612","C5453271","LNC","https://uts-ws.nlm.nih.gov/rest/content/2022AA/CUI/C5453271","Have you had a strong desire or urge to use medications for anxiety or sleep at least once a week or more often in past 3Mo:Find:3Mo:^Patient:Ord:TAPS"
"1613","C0514521","NIC","https://uts-ws.nlm.nih.gov/rest/content/2022AA/CUI/C0514521","Promote an increase in number of hours of sleep, if needed"
"1614","C3535038","MTHSPL","https://uts-ws.nlm.nih.gov/rest/content/2022AA/CUI/C3535038","MELATONIN 6 mg / .GAMMA.-AMINOBUTYRIC ACID 30 mg / VALERIAN 50 mg ORAL TABLET [MEDI-DOZE SLEEP AID]"
"1615","C3175150","LNC","https://uts-ws.nlm.nih.gov/rest/content/2022AA/CUI/C3175150","Do you experience frustration, tension or anxiety over not being able to go to sleep during the night when you cannot fall asleep"
"1616","C3175149","LNC","https://uts-ws.nlm.nih.gov/rest/content/2022AA/CUI/C3175149","Do you experience frustration, tension or anxiety over not being able to go to sleep during the night when you cannot fall asleep:Find:Pt:^Patient:Ord:PhenX"
"1617","C4709496","NIC","https://uts-ws.nlm.nih.gov/rest/content/2022AA/CUI/C4709496","Promote adequate rest periods of at least 90 minutes of undisturbed sleep (e.g., organized nursing cares, limited visitors, coordinated consults), as appropriate"
"1618","C3175394","LNC","https://uts-ws.nlm.nih.gov/rest/content/2022AA/CUI/C3175394","Has your child had periods of extreme happiness and intense energy, when it took him or her over an H to get to sleep at night"
"1619","C3174236","LNC","https://uts-ws.nlm.nih.gov/rest/content/2022AA/CUI/C3174236","In the past Y, have you awakened during the night and had a hard time getting back to sleep:Find:1Y:^Patient:Ord:PhenX"
"1620","C3175971","LNC","https://uts-ws.nlm.nih.gov/rest/content/2022AA/CUI/C3175971","If you do not keep your regular sleep schedule, how much do you feel off - not your regular self, the next day"
"1621","C3175393","LNC","https://uts-ws.nlm.nih.gov/rest/content/2022AA/CUI/C3175393","Has your child had periods of extreme happiness and intense energy, when it took him or her over an H to get to sleep at night:Find:Pt:^Patient:Ord:P-GBI"
"1622","C3176079","LNC","https://uts-ws.nlm.nih.gov/rest/content/2022AA/CUI/C3176079","Does moving at night disrupt your sleep, wake you up at night"
"1623","C2874968","ICD10CM","https://uts-ws.nlm.nih.gov/rest/content/2022AA/CUI/C2874968","Sleep disorder not due to a substance or known physiological condition, unspecified"
"1624","C3166731","LNC","https://uts-ws.nlm.nih.gov/rest/content/2022AA/CUI/C3166731","When you tried to shift your sleep schedule to an earlier bedtime, at least 1 to 2H earlier, did you have difficulty falling asleep"
"1625","C3248575","HCPCS","https://uts-ws.nlm.nih.gov/rest/content/2022AA/CUI/C3248575","Sleep apnea symptoms assessed, including presence or absence of snoring and daytime sleepiness"
"1626","C3175990","LNC","https://uts-ws.nlm.nih.gov/rest/content/2022AA/CUI/C3175990","When you tried to shift your sleep schedule to an earlier bedtime, at least 1 to 2H earlier, did you have difficulty falling asleep:Find:Pt:^Patient:Ord:PhenX"
"1627","C3248576","HCPCS","https://uts-ws.nlm.nih.gov/rest/content/2022AA/CUI/C3248576","Documentation of reason(s) for not documenting an assessment of sleep symptoms (e.g., patient didn't have initial daytime sleepiness, patient visited between initial testing and initiation of therapy)"
"1628","C4329721","NCI","https://uts-ws.nlm.nih.gov/rest/content/2022AA/CUI/C4329721","Difficult Getting Enough Sleep Because of Need to Get Up Frequently at Night to Urinate"
"1629","C3639908","NCI","https://uts-ws.nlm.nih.gov/rest/content/2022AA/CUI/C3639908","C-SSRS Baseline - Wish to be Dead or go to Sleep and not Wake Up"
"1630","C2368404","HCPCS","https://uts-ws.nlm.nih.gov/rest/content/2022AA/CUI/C2368404","Home sleep test (hst) with type iii portable monitor, unattended; minimum of 4 channels: 2 respiratory movement/airflow, 1 ecg/heart rate and 1 oxygen saturation"
"1631","C3172937","LNC","https://uts-ws.nlm.nih.gov/rest/content/2022AA/CUI/C3172937","Has your child felt an irresistible urge to take a nap at times, forcing him or her to stop what he or she is doing in order to sleep"
"1632","C5564493","MTHSPL","https://uts-ws.nlm.nih.gov/rest/content/2022AA/CUI/C5564493","MENTHOL 6 g TOPICAL PATCH [PainBloc24 ProWomen Womens Discomforts Menthol Pain and Sleep Patch]"
"1633","C3261680","LNC","https://uts-ws.nlm.nih.gov/rest/content/2022AA/CUI/C3261680","I avoided or cancelled activities with my friends because I was tired from having a bad night's sleep:Find:Pt:^Patient:Ord:NeuroQol"
"1634","C3172986","LNC","https://uts-ws.nlm.nih.gov/rest/content/2022AA/CUI/C3172986","Does your child bang his or her head or rock his or her body when going to sleep:Find:Pt:^Patient:Ord:PhenX"
"1635","C0041232","SNOMEDCT_US","https://uts-ws.nlm.nih.gov/rest/content/2022AA/CUI/C0041232","Infection by Trypanosoma gambiense"
"1636","C0041233","SNOMEDCT_US","https://uts-ws.nlm.nih.gov/rest/content/2022AA/CUI/C0041233","Infection by Trypanosoma rhodesiense"
"1637","C4068507","LNC","https://uts-ws.nlm.nih.gov/rest/content/2022AA/CUI/C4068507","Do you feel stress - tense, restless, nervous, or anxious, or unable to sleep at night because your mind is troubled all the time - these days"
"1638","C3174229","LNC","https://uts-ws.nlm.nih.gov/rest/content/2022AA/CUI/C3174229","Have you ever had frequent problems getting to sleep at the beginning of the night which has negatively affected how you function during the following day"
"1639","C4071505","LNC","https://uts-ws.nlm.nih.gov/rest/content/2022AA/CUI/C4071505","Do you feel stress - tense, restless, nervous, or anxious, or unable to sleep at night because your mind is troubled all the time - these days:Find:Pt:^Patient:Ord:OSQ"
"1640","C5415702","CPT","https://uts-ws.nlm.nih.gov/rest/content/2022AA/CUI/C5415702","Sleep study with simultaneous recording of ventilation, respiratory effort, electrocardiogram (ECG), and oxygen saturation"
"1641","C5415703","CPT","https://uts-ws.nlm.nih.gov/rest/content/2022AA/CUI/C5415703","Sleep study with simultaneous recording of ventilation, respiratory effort, heart rate, and oxygen saturation"
"1642","C3175996","LNC","https://uts-ws.nlm.nih.gov/rest/content/2022AA/CUI/C3175996","How old were you when you first began going to sleep very late without being able to adjust your schedule when you tried"
"1643","C3175963","LNC","https://uts-ws.nlm.nih.gov/rest/content/2022AA/CUI/C3175963","How difficult is it for you to adapt to a sleep loss of 3H or more - sleeping 3 or more H less than you normally do the night before"
"1644","C4713371","NIC","https://uts-ws.nlm.nih.gov/rest/content/2022AA/CUI/C4713371","Provide for adequate rest and sleep, including short-term, daytime naps, as needed"
"1645","C3247668","MMX","https://uts-ws.nlm.nih.gov/rest/content/2022AA/CUI/C3247668","Urea;Cleanser;Gel, Multi Ingredient 20%; NA; NA Multiple Routes Kit [SLEEP-N-HEEL REJUVENATING]"
"1646","C0973769","MTH","https://uts-ws.nlm.nih.gov/rest/content/2022AA/CUI/C0973769","acetaminophen 500 MG / diphenhydramine hydrochloride 25 MG Oral Tablet"
"1647","C2962205","MTH","https://uts-ws.nlm.nih.gov/rest/content/2022AA/CUI/C2962205","Diphenhydramine Hydrochloride 50 MG Oral Tablet"
"1648","C2368403","HCPCS","https://uts-ws.nlm.nih.gov/rest/content/2022AA/CUI/C2368403","Home sleep study test (hst) with type ii portable monitor, unattended; minimum of 7 channels: eeg, eog, emg, ecg/heart rate, airflow, respiratory effort and oxygen saturation"
"1649","C3641578","NCI","https://uts-ws.nlm.nih.gov/rest/content/2022AA/CUI/C3641578","C-SSRS Since Last Visit - Wish to be Dead or go to Sleep and not Wake Up"
"1650","C4710668","NIC","https://uts-ws.nlm.nih.gov/rest/content/2022AA/CUI/C4710668","Encourage establishment of bedtime rituals that reduce or eliminate disturbances in sleep-wake cycle"
"1651","C4711501","NIC","https://uts-ws.nlm.nih.gov/rest/content/2022AA/CUI/C4711501","Address problems in sleep-wake cycle (e.g., excessive daytime napping, nocturnal wakefulness), as needed"
"1652","C5564283","MMX","https://uts-ws.nlm.nih.gov/rest/content/2022AA/CUI/C5564283","Chamomile Flower Extract/Magnesium 50 MG-200 MG Oral Tablet [EAZZZY SLEEP WITH MAGNESIUM AND CHAMOMILE]"
"1653","C5209378","MMX","https://uts-ws.nlm.nih.gov/rest/content/2022AA/CUI/C5209378","Gamma Aminobutyric Acid/Melatonin/Valerian 30 MG-5 MG-50 MG Oral Capsule [REPOZEN SLEEP AID]"
"1654","C0519984","CPT","https://uts-ws.nlm.nih.gov/rest/content/2022AA/CUI/C0519984","Sleep study, simultaneous recording of ventilation, respiratory effort, ECG or heart rate, and oxygen saturation, attended by a technologist"
"1655","C3517165","CPT","https://uts-ws.nlm.nih.gov/rest/content/2022AA/CUI/C3517165","Attachment and disconnection of pediatric home monitoring device for detection of breathing pauses during sleep, 30-day time period"
"1656","C3174233","LNC","https://uts-ws.nlm.nih.gov/rest/content/2022AA/CUI/C3174233","Have you ever had frequent problems falling back to sleep after waking in the middle of the night which has negatively affected how you function during the following day"
"1657","C3859403","MTHSPL","https://uts-ws.nlm.nih.gov/rest/content/2022AA/CUI/C3859403","HYOSCYAMUS NIGER 6 [hp_X] / STRYCHNOS IGNATII SEED 6 [hp_X] / POTASSIUM PHOSPHATE, DIBASIC 3 [hp_X] ORAL TABLET [Sleep]"
"1658","C3166716","LNC","https://uts-ws.nlm.nih.gov/rest/content/2022AA/CUI/C3166716","When you are not sleeping in your usual bed, in a hotel room while on vacation, or on your couch watching television, do you still have problems initially getting to sleep, staying asleep, or falling back to sleep after waking up during the night"
"1659","C3176003","LNC","https://uts-ws.nlm.nih.gov/rest/content/2022AA/CUI/C3176003","When you are not sleeping in your usual bed, in a hotel room while on vacation, or on your couch watching television, do you still have problems initially getting to sleep, staying asleep, or falling back to sleep after waking up during the night:Find:Pt:^Patient:Ord:PhenX"
"1660","C4709811","NIC","https://uts-ws.nlm.nih.gov/rest/content/2022AA/CUI/C4709811","Monitor for complications of bed rest (e.g., loss of muscle tone, back pain, constipation, increased stress, depression, confusion, sleep cycle changes, urinary tract infections, difficulty with urination, pneumonia)"
"1661","C4293968","MTHSPL","https://uts-ws.nlm.nih.gov/rest/content/2022AA/CUI/C4293968","CELERY SEED 6 [hp_C] in 11 mL / SAGE 6 [hp_C] in 11 mL TOPICAL OIL [Sleep Aid Formula]"
"1662","C3517167","CPT","https://uts-ws.nlm.nih.gov/rest/content/2022AA/CUI/C3517167","Pediatric home monitoring of breathing pauses during sleep, including breathing and heart rate, physician review and interpretation, 30-day time period"
"1663","C3175414","LNC","https://uts-ws.nlm.nih.gov/rest/content/2022AA/CUI/C3175414","Do you feel so sleepy during the D that it interrupts your normal activities, such as driving, reading, or concentrating at work or school, even when you have had enough sleep the night before"
"1664","C3175413","LNC","https://uts-ws.nlm.nih.gov/rest/content/2022AA/CUI/C3175413","Do you feel so sleepy during the D that it interrupts your normal activities, such as driving, reading, or concentrating at work or school, even when you have had enough sleep the night before:Find:Pt:^Patient:Ord:PhenX"
"1665","C3517164","CPT","https://uts-ws.nlm.nih.gov/rest/content/2022AA/CUI/C3517164","Pediatric home monitoring of breathing pauses during sleep, including breathing and heart rate, 30-day time period, with physician interpretation and report"
"1666","C3172936","LNC","https://uts-ws.nlm.nih.gov/rest/content/2022AA/CUI/C3172936","Has your child felt an irresistible urge to take a nap at times, forcing him or her to stop what he or she is doing in order to sleep:Find:Pt:^Patient:Ord:PhenX"
"1667","C3517166","CPT","https://uts-ws.nlm.nih.gov/rest/content/2022AA/CUI/C3517166","Pediatric home monitoring of breathing pauses during sleep, including breathing and heart rate, receipt of transmissions and computer analysis, 30-day time period"
"1668","C3182601","MMX","https://uts-ws.nlm.nih.gov/rest/content/2022AA/CUI/C3182601","Chamomile/Hop/Passionflower/Skullcap/Valerian Root 25 MG-25 MG-100 MG-100 MG-750 MG Oral Tablet [SLEEP TONITE]"
"1669","C0511774","NIC","https://uts-ws.nlm.nih.gov/rest/content/2022AA/CUI/C0511774","Identify usual patterns of behavior for such activities as sleep, medication use, elimination, food intake, and self-care"
"1670","C4714820","NIC","https://uts-ws.nlm.nih.gov/rest/content/2022AA/CUI/C4714820","Ascertain the impact the ulcer is having on the patient's quality of life (e.g., sleep, appetite, activity, humor, relationships)"
"1671","C1736313","NIC","https://uts-ws.nlm.nih.gov/rest/content/2022AA/CUI/C1736313","Evaluate the effect of nausea experience on quality of life (e.g., appetite, activity, job performance, role responsibility, and sleep)"
"1672","C4709491","NIC","https://uts-ws.nlm.nih.gov/rest/content/2022AA/CUI/C4709491","Promote adequate rest periods (e.g., 90 minutes of undisturbed sleep, organize nursing cares, limit visitors, coordinate consults), as appropriate"
"1673","C4712385","NIC","https://uts-ws.nlm.nih.gov/rest/content/2022AA/CUI/C4712385","Monitor for conditions indicating appropriateness of noninvasive ventilation support (e.g., acute exacerbations of COPD, asthma, noncardiogenic and cardiogenic pulmonary edema, acute respiratory failure due to community acquired pneumonia, obesity hypoventilation syndrome, obstructive sleep apnea)"
"1674","C0512474","NIC","https://uts-ws.nlm.nih.gov/rest/content/2022AA/CUI/C0512474","Instruct the patient and significant others about factors (e.g., physiological, psychological, lifestyle, frequent work shift changes, rapid time zone changes, excessively long work hours, and other environmental factors) that contribute to sleep pattern disturbances"
"1675","C4714649","NIC","https://uts-ws.nlm.nih.gov/rest/content/2022AA/CUI/C4714649","Use positive awards for agreed-upon behavior (e.g., using the toilet before sleep, taking medication) rather than for dry nights"
"1676","C3166595","LNC","https://uts-ws.nlm.nih.gov/rest/content/2022AA/CUI/C3166595","What is the longest period of time that you have felt this overwhelming desire to go to sleep, on most Ds"
"1677","C0508882","NIC","https://uts-ws.nlm.nih.gov/rest/content/2022AA/CUI/C0508882","Assist patient to maintain a normal cycle of sleep/wakefulness (e.g., scheduled rest times, relaxation techniques, sedating medications, and limit caffeine)"
"1678","C0692493","RXNORM","https://uts-ws.nlm.nih.gov/rest/content/2022AA/CUI/C0692493","melatonin 3 MG Oral Tablet"
"1679","C2980390","RXNORM","https://uts-ws.nlm.nih.gov/rest/content/2022AA/CUI/C2980390","acetaminophen 33.3 MG/ML / diphenhydramine hydrochloride 1.67 MG/ML Oral Solution"
"1680","C2343194","RXNORM","https://uts-ws.nlm.nih.gov/rest/content/2022AA/CUI/C2343194","diphenhydramine hydrochloride 25 MG Disintegrating Oral Tablet"
"1681","C5571062","LNC","https://uts-ws.nlm.nih.gov/rest/content/2022AA/CUI/C5571062","Pain is continuously present, pain intensity does generally not go back to zero. There are only rare moments without pain, e.g. during sleep."
"1682","C0510081","NIC","https://uts-ws.nlm.nih.gov/rest/content/2022AA/CUI/C0510081","Determine the effect of the pain experience on quality of life (e.g., sleep, appetite, activity, cognition, mood, relationships, job performance, and role responsibilities)"
"1683","C4713440","NIC","https://uts-ws.nlm.nih.gov/rest/content/2022AA/CUI/C4713440","Provide for noninvasive continuous oxygen sensors (e.g., finger, nose, or forehead devices) with appropriate alarm systems in patients with risk factors (e.g., morbidly obese, confirmed obstructive sleep apnea, history of respiratory problems requiring oxygen therapy, extremes of age), per agency policy and as indicated"
"1684","C3175929","LNC","https://uts-ws.nlm.nih.gov/rest/content/2022AA/CUI/C3175929","How many H and M does it take for you to become fully awake from regular sleep, after first opening your eyes in the morning"
"1685","C4483934","LNC","https://uts-ws.nlm.nih.gov/rest/content/2022AA/CUI/C4483934","Sleep sitting up in a chair or with at least 3 pillows to prop you up because of shortness of breath over the past 2W"
"1686","C3175928","LNC","https://uts-ws.nlm.nih.gov/rest/content/2022AA/CUI/C3175928","How many H and M does it take for you to become fully awake from regular sleep, after first opening your eyes in the morning:Time:Pt:^Patient:Qn:PhenX"
"1687","C5574460","HCPCS","https://uts-ws.nlm.nih.gov/rest/content/2022AA/CUI/C5574460","C5574460"
"1688","C4319382","LNC","https://uts-ws.nlm.nih.gov/rest/content/2022AA/CUI/C4319382","Sleep sitting up in a chair or with at least 3 pillows to prop you up because of shortness of breath over the past 2W:Find:2W:^Patient:Ord:KCCQ"
"1689","C4712909","NIC","https://uts-ws.nlm.nih.gov/rest/content/2022AA/CUI/C4712909","Monitor closely for respiratory depression in at-risk patients (e.g., older than 70 years; history of sleep apnea; concurrent use of PCA with a central nervous system depressant; obesity; upper abdominal or thoracic surgery and PCA bolus of greater than 1 mg; history of renal, hepatic, pulmonary, or cardiac impairment)"
"1690","C2242175","RXNORM","https://uts-ws.nlm.nih.gov/rest/content/2022AA/CUI/C2242175","acetaminophen 500 MG / diphenhydramine citrate 38 MG Oral Powder"
"1691","C3281374","RXNORM","https://uts-ws.nlm.nih.gov/rest/content/2022AA/CUI/C3281374","melatonin 10 MG Extended Release Oral Tablet"
"1692","C0795395","RXNORM","https://uts-ws.nlm.nih.gov/rest/content/2022AA/CUI/C0795395","melatonin 1 MG/ML Oral Solution"
"1693","C0693610","RXNORM","https://uts-ws.nlm.nih.gov/rest/content/2022AA/CUI/C0693610","tryptophan 500 MG Oral Capsule"
"1694","C5564224","MTHSPL","https://uts-ws.nlm.nih.gov/rest/content/2022AA/CUI/C5564224","MATRICARIA CHAMOMILLA WHOLE 4 [hp_X] / ARABICA COFFEE BEAN 4 [hp_X] / AVENA SATIVA FLOWERING TOP 6 [hp_X] / STRYCHNOS NUX-VOMICA SEED 6 [hp_X] / PASSIFLORA INCARNATA FLOWERING TOP 6 [hp_X] ORAL TABLET, ORALLY DISINTEGRATING [Sleep Assist]"
"1695","C0752150","MSH","https://uts-ws.nlm.nih.gov/rest/content/2022AA/CUI/C0752150","Hypnic Headache"
"1696","C0393719","MTH","https://uts-ws.nlm.nih.gov/rest/content/2022AA/CUI/C0393719","Nocturnal epilepsy"
"1697","C0424522","MTH","https://uts-ws.nlm.nih.gov/rest/content/2022AA/CUI/C0424522","Asleep"
"1698","C5422212","MTHSPL","https://uts-ws.nlm.nih.gov/rest/content/2022AA/CUI/C5422212","Helianthemum nummularium flower 5 [hp_X] / Clematis vitalba flower 5 [hp_X] / Impatiens glandulifera flower 5 [hp_X] / Prunus cerasifera flower 5 [hp_X] / ornithogalum umbellatum whole 5 [hp_X] / Aesculus hippocastanum flower 5 [hp_X] ORAL CAPSULE, LIQUID FILLED [Rescue Sleep]"
"1699","C0751774","MSH","https://uts-ws.nlm.nih.gov/rest/content/2022AA/CUI/C0751774","Nocturnal Myoclonus Syndrome"
"1700","C1275563","MTH","https://uts-ws.nlm.nih.gov/rest/content/2022AA/CUI/C1275563","Once a day, at bedtime"
"1701","C4711764","NIC","https://uts-ws.nlm.nih.gov/rest/content/2022AA/CUI/C4711764","Assist patients with prehypertensive classification to practice lifestyle modification in order to reduce their risk of developing hypertension in the future (e.g., increase exercise, decrease weight, modify diet, obtain adequate sleep)"
"1702","C3695455","MMX","https://uts-ws.nlm.nih.gov/rest/content/2022AA/CUI/C3695455","Ascorbic Acid/Bromelains/Cyanocobalamin/Glycine/Lemon Balm/Magnesium/Melatonin/Pantothenic Acid/Pyridoxine/Theanine, L-/Valerian Root Extract/Zinc 15 MG-0.6 MCG-112.5 MG-2.5 MG-2.5 MG-0.5 MG-100 MG-5.625 MG Oral Capsule [SLEEP 360]"
"1703","C3268209","RXNORM","https://uts-ws.nlm.nih.gov/rest/content/2022AA/CUI/C3268209","diphenhydramine hydrochloride 25 MG Oral Capsule [Zzzquil]"
"1704","C3249766","RXNORM","https://uts-ws.nlm.nih.gov/rest/content/2022AA/CUI/C3249766","diphenhydramine hydrochloride 1.67 MG/ML Oral Solution [Zzzquil]"
"1705","C4694535","RXNORM","https://uts-ws.nlm.nih.gov/rest/content/2022AA/CUI/C4694535","diphenhydramine hydrochloride 25 MG Chewable Tablet"
"1706","C0937448","RXNORM","https://uts-ws.nlm.nih.gov/rest/content/2022AA/CUI/C0937448","melatonin 10 MG Oral Capsule"
"1707","C4694322","MTHSPL","https://uts-ws.nlm.nih.gov/rest/content/2022AA/CUI/C4694322","STRYCHNOS IGNATII SEED 12 [hp_X] / ATROPA BELLADONNA 12 [hp_X] / SEPIA OFFICINALIS JUICE 12 [hp_X] / SULFUR 12 [hp_X] / ANEMONE PULSATILLA 12 [hp_X] / CAULOPHYLLUM THALICTROIDES ROOT 12 [hp_X] / BLACK COHOSH 12 [hp_X] / NITROGLYCERIN 12 [hp_X] / LACHESIS MUTA VENOM 30 [hp_X] SUBLINGUAL TABLET [Menopause Plus Sleep]"
"1708","C2725104","RXNORM","https://uts-ws.nlm.nih.gov/rest/content/2022AA/CUI/C2725104","melatonin 5 MG Extended Release Oral Tablet"
"1709","C4723054","MTHSPL","https://uts-ws.nlm.nih.gov/rest/content/2022AA/CUI/C4723054","Avena Sativa Flowering Top 30 [hp_X] in 100 mL / Arabica Coffee Bean 30 [hp_C] in 100 mL / Lavandula Angustifolia Subsp. Angustifolia Flower 12 [hp_C] in 100 mL / Macropiper Methysticum Root 30 [hp_C] in 100 mL / Valerian 12 [hp_C] in 100 mL TOPICAL SOLUTION/ DROPS [Sleep Well Control]"
"1710","C0262578","SNOMEDCT_US","https://uts-ws.nlm.nih.gov/rest/content/2022AA/CUI/C0262578","Cramp in lower leg associated with rest"
"1711","C5417366","MTHSPL","https://uts-ws.nlm.nih.gov/rest/content/2022AA/CUI/C5417366","HELIANTHEMUM NUMMULARIUM FLOWER 5 [hp_X] in 0.095 mL / CLEMATIS VITALBA FLOWER 5 [hp_X] in 0.095 mL / IMPATIENS GLANDULIFERA FLOWER 5 [hp_X] in 0.095 mL / PRUNUS CERASIFERA FLOWER 5 [hp_X] in 0.095 mL / ORNITHOGALUM UMBELLATUM WHOLE 5 [hp_X] in 0.095 mL / AESCULUS HIPPOCASTANUM FLOWER 5 [hp_X] in 0.095 mL ORAL SOLUTION [Rescue Sleep]"
"1712","C5423518","MTHSPL","https://uts-ws.nlm.nih.gov/rest/content/2022AA/CUI/C5423518","Helianthemum nummularium flower 5 [hp_X] in 0.095 mL / Clematis vitalba flower 5 [hp_X] in 0.095 mL / Impatiens glandulifera flower 5 [hp_X] in 0.095 mL / Prunus cerasifera flower 5 [hp_X] in 0.095 mL / Ornithogalum Umbellatum Whole 5 [hp_X] in 0.095 mL / Aesculus hippocastanum flower 5 [hp_X] in 0.095 mL ORAL SOLUTION [Rescue Sleep Dropper]"
"1713","C0274638","ICD9CM","https://uts-ws.nlm.nih.gov/rest/content/2022AA/CUI/C0274638","Poisoning by unspecified sedative or hypnotic"
"1714","C5432701","MTHSPL","https://uts-ws.nlm.nih.gov/rest/content/2022AA/CUI/C5432701","Helianthemum nummularium flower 5 [hp_X] in 0.095 mL / Clematis vitalba flower 5 [hp_X] in 0.095 mL / Impatiens glandulifera flower 5 [hp_X] in 0.095 mL / Prunus cerasifera flower 5 [hp_X] in 0.095 mL / Ornithogalum umbellatum whole 5 [hp_X] in 0.095 mL / Aesculus hippocastanum flower 5 [hp_X] in 0.095 mL ORAL SOLUTION [Rescue Sleep Kids Dropper]"
"1715","C0481870","MTH","https://uts-ws.nlm.nih.gov/rest/content/2022AA/CUI/C0481870","Encounter due to Trypanosomiasis screening"
"1716","C0790350","RXNORM","https://uts-ws.nlm.nih.gov/rest/content/2022AA/CUI/C0790350","salicylic acid 5 MG/ML Topical Cream"
"1717","C5440230","RXNORM","https://uts-ws.nlm.nih.gov/rest/content/2022AA/CUI/C5440230","melatonin 1 MG Chewable Tablet"
"1718","C4238187","RXNORM","https://uts-ws.nlm.nih.gov/rest/content/2022AA/CUI/C4238187","melatonin 5 MG Chewable Tablet"
"1719","C5441842","RXNORM","https://uts-ws.nlm.nih.gov/rest/content/2022AA/CUI/C5441842","melatonin 3 MG / pyridoxine hydrochloride 10 MG Extended Release Oral Tablet"
"1720","C4535258","MTHSPL","https://uts-ws.nlm.nih.gov/rest/content/2022AA/CUI/C4535258","AVENA SATIVA FLOWERING TOP 4 [hp_X] in 59 mL / ARABICA COFFEE BEAN 30 [hp_C] in 59 mL / STRYCHNOS IGNATII SEED 12 [hp_C] in 59 mL / STRYCHNOS NUX-VOMICA SEED 30 [hp_C] in 59 mL / PASSIFLORA INCARNATA FLOWERING TOP 4 [hp_X] in 59 mL / DATURA STRAMONIUM 30 [hp_C] in 59 mL / VALERIAN 4 [hp_X] in 59 mL ORAL LIQUID [OHM Sleep Well]"
"1721","C0393777","MSH","https://uts-ws.nlm.nih.gov/rest/content/2022AA/CUI/C0393777","Nocturnal Paroxysmal Dystonia"
"1722","C4019746","MTHSPL","https://uts-ws.nlm.nih.gov/rest/content/2022AA/CUI/C4019746","AESCULUS HIPPOCASTANUM FLOWER 5 [hp_X] in 29.6 mL / FERROSOFERRIC PHOSPHATE 12 [hp_X] in 29.6 mL / POTASSIUM CARBONATE 6 [hp_C] in 29.6 mL / POTASSIUM PHOSPHATE, DIBASIC 6 [hp_X] in 29.6 mL / MAGNESIUM PHOSPHATE, DIBASIC TRIHYDRATE 12 [hp_X] in 29.6 mL / SODIUM CHLORIDE 6 [hp_X] in 29.6 mL / POPULUS TREMULA FLOWERING TOP 5 [hp_X] in 29.6 mL / PRUNUS CERASIFERA FLOWER 5 [hp_X] in 29.6 mL ORAL SPRAY [sleep]"
"1723","C4711854","NIC","https://uts-ws.nlm.nih.gov/rest/content/2022AA/CUI/C4711854","Monitor for signs and symptoms of hypoglycemia, (e.g., shakiness, tremor, sweating, nervousness, anxiety, irritability, impatience, tachycardia, palpitations, chills, clamminess, light-headedness, pallor, hunger, nausea, headache, tiredness, drowsiness, weakness, warmth, dizziness, faintness, blurred vision, nightmares, crying out in sleep, paresthesia, difficulty concentrating, difficulty speaking, incoordination, behavior change, confusion, coma, seizure)"
"1724","C5432969","MTHSPL","https://uts-ws.nlm.nih.gov/rest/content/2022AA/CUI/C5432969","POTASSIUM BROMIDE 4 [hp_X] in 30 mL / CAFFEINE 6 [hp_X] in 30 mL / AVENA SATIVA FLOWERING TOP 2 [hp_X] in 30 mL / MATRICARIA CHAMOMILLA WHOLE 2 [hp_X] in 30 mL / STRYCHNOS IGNATII SEED 4 [hp_X] in 30 mL / PASSIFLORA INCARNATA FLOWERING TOP 2 [hp_X] in 30 mL / SILVER NITRATE 30 [hp_X] in 30 mL / ZINC VALERATE DIHYDRATE 4 [hp_X] in 30 mL ORAL SOLUTION/ DROPS [GUNA SLEEP SUPPORT]"
"1725","C4529846","MTHSPL","https://uts-ws.nlm.nih.gov/rest/content/2022AA/CUI/C4529846","ARSENIC TRIOXIDE 30 [hp_X] in 1 mL / AVENA SATIVA FLOWERING TOP 30 [hp_X] in 1 mL / ARABICA COFFEE BEAN 30 [hp_X] in 1 mL / POTASSIUM CARBONATE 30 [hp_X] in 1 mL / MAGNESIUM CARBONATE 30 [hp_X] in 1 mL / STRYCHNOS NUX-VOMICA SEED 30 [hp_X] in 1 mL / PASSIFLORA INCARNATA FLOWERING TOP 30 [hp_X] in 1 mL / SEPIA OFFICINALIS JUICE 30 [hp_X] in 1 mL / VALERIAN 30 [hp_X] in 1 mL ORAL LIQUID [Sleep Well T012]"
"1726","C5442986","MTHSPL","https://uts-ws.nlm.nih.gov/rest/content/2022AA/CUI/C5442986","ARSENIC TRIOXIDE 30 [hp_X] in 1 mL / AVENA SATIVA FLOWERING TOP 30 [hp_X] in 1 mL / ARABICA COFFEE BEAN 30 [hp_X] in 1 mL / POTASSIUM CARBONATE 30 in 1 mL / MAGNESIUM CARBONATE 30 [hp_X] in 1 mL / STRYCHNOS NUX-VOMICA SEED 30 [hp_X] in 1 mL / PASSIFLORA INCARNATA FLOWERING TOP 30 [hp_X] in 1 mL / SEPIA OFFICINALIS JUICE 30 [hp_X] in 1 mL / VALERIAN 30 [hp_X] in 1 mL ORAL LIQUID [Sleep HP]"
"1727","C4762524","MTHSPL","https://uts-ws.nlm.nih.gov/rest/content/2022AA/CUI/C4762524","AVENA SATIVA FLOWERING TOP 6 [hp_C] in 30 mL / CHAMOMILE 6 [hp_C] in 30 mL / HELLEBORUS NIGER ROOT 6 [hp_C] in 30 mL / STRYCHNOS IGNATII SEED 6 [hp_C] in 30 mL / CANAKINUMAB 4 [hp_C] in 30 mL / MELATONIN 4 [hp_C] in 30 mL / MELISSA OFFICINALIS 6 [hp_C] in 30 mL / SUS SCROFA PINEAL GLAND 12 [hp_X] in 30 mL / PULSATILLA VULGARIS 6 [hp_C] in 30 mL / SEROTONIN 6 [hp_C] in 30 mL / VALERIAN 6 [hp_C] in 30 mL ORAL SOLUTION/ DROPS [GUNA-SLEEP]"
"1728","C4019816","MTHSPL","https://uts-ws.nlm.nih.gov/rest/content/2022AA/CUI/C4019816","AESCULUS HIPPOCASTANUM FLOWER 5 [hp_X] in 29.6 mL / MATRICARIA RECUTITA 6 [hp_C] in 29.6 mL / FERROSOFERRIC PHOSPHATE 12 [hp_X] in 29.6 mL / HELIANTHEMUM NUMMULARIUM FLOWER 5 [hp_X] in 29.6 mL / MIMULUS GUTTATUS FLOWERING TOP 5 [hp_X] in 29.6 mL / SODIUM CHLORIDE 6 [hp_X] in 29.6 mL / SODIUM PHOSPHATE, DIBASIC, HEPTAHYDRATE 6 [hp_X] in 29.6 mL / SODIUM SULFATE 6 [hp_X] in 29.6 mL / PHOSPHORUS 6 [hp_C] in 29.6 mL / VERBENA OFFICINALIS FLOWERING TOP 5 [hp_X] in 29.6 mL ORAL SPRAY [soothe and sleep]"
"1729","C0710420","RXNORM","https://uts-ws.nlm.nih.gov/rest/content/2022AA/CUI/C0710420","diphenhydramine hydrochloride 50 MG Oral Tablet [Compoz]"
"1730","C0182339","SNOMEDCT_US","https://uts-ws.nlm.nih.gov/rest/content/2022AA/CUI/C0182339","Polysomnograph"
"1731","C4325408","MTHSPL","https://uts-ws.nlm.nih.gov/rest/content/2022AA/CUI/C4325408","ADENOSINE TRIPHOSPHATE DISODIUM 8 [hp_X] / PANTOTHENIC ACID 8 [hp_X] / SUS SCROFA PINEAL GLAND 8 [hp_X] / LACTIC ACID, L- 8 [hp_X] / UBIDECARENONE 8 [hp_X] / MELATONIN 8 [hp_X] / PYRROLE 8 [hp_X] / TRYPTOPHAN 8 [hp_X] / ARSENIC TRIOXIDE 10 [hp_X] / AVENA SATIVA FLOWERING TOP 10 [hp_X] / MATRICARIA RECUTITA 10 [hp_X] / ARABICA COFFEE BEAN 10 [hp_X] / MERCURIC CHLORIDE 10 [hp_X] / PASSIFLORA INCARNATA FLOWERING TOP 10 [hp_X] / SILICON DIOXIDE 10 [hp_X] / ZINC VALERATE DIHYDRATE 10 [hp_X] / SHIGELLA DYSENTERIAE 30 [hp_C] / SALMONELLA ENTERICA SUBSP. ENTERICA SEROVAR ENTERITIDIS 30 [hp_C] ORAL LIQUID [Perfect Sleep]"
"1732","C4083174","RXNORM","https://uts-ws.nlm.nih.gov/rest/content/2022AA/CUI/C4083174","doxylamine succinate 25 MG Oral Tablet [Wal-Som (doxylamine)]"
"1733","C2979177","RXNORM","https://uts-ws.nlm.nih.gov/rest/content/2022AA/CUI/C2979177","diphenhydramine hydrochloride 50 MG Oral Capsule [Wal-Som Maximum Strength]"
"1734","C3249809","RXNORM","https://uts-ws.nlm.nih.gov/rest/content/2022AA/CUI/C3249809","diphenhydramine hydrochloride 50 MG Oral Capsule [Compoz]"
"1735","C0335212","SNOMEDCT_US","https://uts-ws.nlm.nih.gov/rest/content/2022AA/CUI/C0335212","Sleeping- or pullman-car attendant"
"1736","C5573424","MTHSPL","https://uts-ws.nlm.nih.gov/rest/content/2022AA/CUI/C5573424","ESCHSCHOLZIA CALIFORNICA WHOLE 3 [hp_C] in 1 mL / MATRICARIA CHAMOMILLA WHOLE 3 [hp_C] in 1 mL / ARTEMISIA CINA PRE-FLOWERING TOP 6 [hp_C] in 1 mL / ARABICA COFFEE BEAN 6 [hp_C] in 1 mL / STRYCHNOS NUX-VOMICA SEED 6 [hp_C] in 1 mL / PASSIFLORA INCARNATA FLOWERING TOP 6 [hp_C] in 1 mL / PULSATILLA PRATENSIS WHOLE 6 [hp_C] in 1 mL / STRYCHNOS IGNATII SEED 30 [hp_C] in 1 mL / DIBASIC POTASSIUM PHOSPHATE 30 [hp_C] in 1 mL / TOXICODENDRON PUBESCENS LEAF 30 [hp_C] in 1 mL ORAL SPRAY [Serene Sleep]"
"1737","C4085223","MTH","https://uts-ws.nlm.nih.gov/rest/content/2022AA/CUI/C4085223","How Often Difficulty Sleeping"
"1738","C4085321","MTH","https://uts-ws.nlm.nih.gov/rest/content/2022AA/CUI/C4085321","Usual Severity Difficulty Sleeping"
"1739","C4085322","MTH","https://uts-ws.nlm.nih.gov/rest/content/2022AA/CUI/C4085322","How Much Distress Difficulty Sleeping"
"1740","C0556020","MTH","https://uts-ws.nlm.nih.gov/rest/content/2022AA/CUI/C0556020","Overdose with sleeping tabs"
"1741","C0557221","SNOMEDCT_US","https://uts-ws.nlm.nih.gov/rest/content/2022AA/CUI/C0557221","Sleeping out"
"1742","C0413783","MEDCIN","https://uts-ws.nlm.nih.gov/rest/content/2022AA/CUI/C0413783","adverse effect of sleeping pill"
"1743","C5573495","MTHSPL","https://uts-ws.nlm.nih.gov/rest/content/2022AA/CUI/C5573495","ARTEMISIA ANNUA FLOWERING TOP 3 [hp_X] in 59 mL / ASIAN GINSENG 3 [hp_X] in 59 mL / PASSIFLORA INCARNATA FLOWERING TOP 3 [hp_X] in 59 mL / SCHISANDRIN B, (+/-)- 3 [hp_X] in 59 mL / AMBER 3 [hp_X] in 59 mL / RAUWOLFIA SERPENTINA 6 [hp_X] in 59 mL / GRAPHITE 8 [hp_X] in 59 mL / ACONITUM NAPELLUS WHOLE 9 [hp_X] in 59 mL / BARIUM CARBONATE 9 [hp_X] in 59 mL / PHOSPHORUS 9 [hp_X] in 59 mL / ARNICA MONTANA WHOLE 12 [hp_X] in 59 mL / SULFUR 12 [hp_X] in 59 mL / ARSENIC TRIOXIDE 30 [hp_X] in 59 mL / MERCURIUS SOLUBILIS 30 [hp_X] in 59 mL / SEPIA OFFICINALIS JUICE 30 [hp_X] in 59 mL ORAL LIQUID [Sleep Disorder Drops 2152]"
"1744","C2219847","MEDCIN","https://uts-ws.nlm.nih.gov/rest/content/2022AA/CUI/C2219847","sleeping much more than usual"
"1745","C1960520","SNOMEDCT_US","https://uts-ws.nlm.nih.gov/rest/content/2022AA/CUI/C1960520","Non-organic parasomnia"
"1746","C4306486","MTHSPL","https://uts-ws.nlm.nih.gov/rest/content/2022AA/CUI/C4306486","ADENOSINE TRIPHOSPHATE DISODIUM 8 [hp_X] in 1 mL / PANTOTHENIC ACID 8 [hp_X] in 1 mL / SUS SCROFA PINEAL GLAND 8 [hp_X] in 1 mL / LACTIC ACID, L- 8 [hp_X] in 1 mL / UBIDECARENONE 8 [hp_X] in 1 mL / TRYPTOPHAN 8 [hp_X] in 1 mL / MELATONIN 8 [hp_X] in 1 mL / PYRROLE 8 [hp_X] in 1 mL / ARSENIC TRIOXIDE 10 [hp_X] in 1 mL / AVENA SATIVA FLOWERING TOP 10 [hp_X] in 1 mL / MATRICARIA CHAMOMILLA 10 [hp_X] in 1 mL / ARABICA COFFEE BEAN 10 [hp_X] in 1 mL / MERCURIC CHLORIDE 10 [hp_X] in 1 mL / PASSIFLORA INCARNATA FLOWERING TOP 10 [hp_X] in 1 mL / SILICON DIOXIDE 10 [hp_X] in 1 mL / ZINC VALERATE DIHYDRATE 10 [hp_X] in 1 mL / SHIGELLA DYSENTERIAE 30 [hp_C] in 1 mL / SALMONELLA ENTERICA SUBSP. ENTERICA SEROVAR ENTERITIDIS 30 [hp_C] in 1 mL ORAL LIQUID [Sleep Tight]"
"1747","C5540389","MTHSPL","https://uts-ws.nlm.nih.gov/rest/content/2022AA/CUI/C5540389","ADENOSINE TRIPHOSPHATE DISODIUM 8 [hp_X] in 1 mL / PANTOTHENIC ACID 8 [hp_X] in 1 mL / SUS SCROFA PINEAL GLAND 8 [hp_X] in 1 mL / LACTIC ACID, L- 8 [hp_X] in 1 mL / UBIDECARENONE 8 [hp_X] in 1 mL / TRYPTOPHAN 8 [hp_X] in 1 mL / MELATONIN 8 [hp_X] in 1 mL / PYRROLE 8 [hp_X] in 1 mL / ARSENIC TRIOXIDE 10 [hp_X] in 1 mL / AVENA SATIVA FLOWERING TOP 10 [hp_X] in 1 mL / MATRICARIA CHAMOMILLA WHOLE 10 [hp_X] in 1 mL / ARABICA COFFEE BEAN 10 [hp_X] in 1 mL / MERCURIC CHLORIDE 10 [hp_X] in 1 mL / PASSIFLORA INCARNATA FLOWERING TOP 10 [hp_X] in 1 mL / SILICON DIOXIDE 10 [hp_X] in 1 mL / ZINC VALERATE DIHYDRATE 10 [hp_X] in 1 mL / SHIGELLA DYSENTERIAE 30 [hp_C] in 1 mL / SALMONELLA ENTERICA ENTERICA SEROVAR ENTERITIDIS 30 [hp_C] in 1 mL ORAL LIQUID [Sleep Aid]"
"1748","C4224534","MTHSPL","https://uts-ws.nlm.nih.gov/rest/content/2022AA/CUI/C4224534","ADENOSINE PHOSPHATE DISODIUM 8 [hp_X] in 1 mL / PANTOTHENIC ACID 8 [hp_X] in 1 mL / SUS SCROFA PINEAL GLAND 8 [hp_X] in 1 mL / LACTIC ACID, L- 8 [hp_X] in 1 mL / UBIDECARENONE 8 [hp_X] in 1 mL / MELATONIN 8 [hp_X] in 1 mL / PYRROLE 8 [hp_X] in 1 mL / TRYPTOPHAN 8 [hp_X] in 1 mL / ARSENIC TRIOXIDE 10 [hp_X] in 1 mL / AVENA SATIVA FLOWERING TOP 10 [hp_X] in 1 mL / MATRICARIA RECUTITA 10 [hp_X] in 1 mL / ARABICA COFFEE BEAN 10 [hp_X] in 1 mL / MERCURIC CHLORIDE 10 [hp_X] in 1 mL / PASSIFLORA INCARNATA FLOWERING TOP 10 [hp_X] in 1 mL / SILICON DIOXIDE 10 [hp_X] in 1 mL / ZINC VALERATE DIHYDRATE 10 [hp_X] in 1 mL / SHIGELLA DYSENTERIAE 30 [hp_C] in 1 mL / SALMONELLA ENTERICA SUBSP. ENTERICA SEROVAR ENTERITIDIS 30 [hp_C] in 1 mL ORAL LIQUID [Perfect Sleep]"
"1749","C0751509","MTH","https://uts-ws.nlm.nih.gov/rest/content/2022AA/CUI/C0751509","Short Sleeper Syndrome"
"1750","C0661256","MTH","https://uts-ws.nlm.nih.gov/rest/content/2022AA/CUI/C0661256","DSIP-immunoreactive peptide"
"1751","C5210709","RXNORM","https://uts-ws.nlm.nih.gov/rest/content/2022AA/CUI/C5210709","doxylamine succinate 25 MG Oral Tablet [Nocto]"
"1752","C3191845","RXNORM","https://uts-ws.nlm.nih.gov/rest/content/2022AA/CUI/C3191845","menthol 20 MG/ML Topical Solution"
"1753","C2961233","RXNORM","https://uts-ws.nlm.nih.gov/rest/content/2022AA/CUI/C2961233","acetaminophen 325 MG / diphenhydramine hydrochloride 50 MG Oral Tablet [Unisom with Pain Relief]"
"1754","C4523051","RXNORM","https://uts-ws.nlm.nih.gov/rest/content/2022AA/CUI/C4523051","5-hydroxytryptophan 50 MG / melatonin 6 MG Oral Tablet"
"1755","C0479996","MTHICD9","https://uts-ws.nlm.nih.gov/rest/content/2022AA/CUI/C0479996","Accidental poisoning by sleeping tablet NOS"
"1756","C4523012","RXNORM","https://uts-ws.nlm.nih.gov/rest/content/2022AA/CUI/C4523012","melatonin 3 MG / threonine 200 MG Chewable Tablet"
"1757","C2188830","MTH","https://uts-ws.nlm.nih.gov/rest/content/2022AA/CUI/C2188830","sleeping upright or using specific number of extra pillows (orthopnea)"
"1758","C0710404","RXNORM","https://uts-ws.nlm.nih.gov/rest/content/2022AA/CUI/C0710404","diphenhydramine hydrochloride 25 MG Oral Tablet [Sleeptabs]"
"1759","C0852427","MTH","https://uts-ws.nlm.nih.gov/rest/content/2022AA/CUI/C0852427","Spánkové poruchy NEC in MDRCZE24_1"
"1760","C0557225","SNOMEDCT_US","https://uts-ws.nlm.nih.gov/rest/content/2022AA/CUI/C0557225","Sleeping in vehicle"
"1761","C0557223","SNOMEDCT_US","https://uts-ws.nlm.nih.gov/rest/content/2022AA/CUI/C0557223","Sleeping in night shelter"
"1762","C5540343","MTHSPL","https://uts-ws.nlm.nih.gov/rest/content/2022AA/CUI/C5540343","WORMWOOD 20 [hp_X] in 1 mL / SEMECARPUS ANACARDIUM JUICE 20 [hp_X] in 1 mL / SILVER NITRATE 20 [hp_X] in 1 mL / ARSENIC TRIOXIDE 20 [hp_X] in 1 mL / ATROPA BELLADONNA 20 [hp_X] in 1 mL / BRYONIA ALBA ROOT 20 [hp_X] in 1 mL / OYSTER SHELL CALCIUM CARBONATE, CRUDE 20 [hp_X] in 1 mL / CAMPHOR (NATURAL) 20 [hp_X] in 1 mL / MATRICARIA CHAMOMILLA 20 [hp_X] in 1 mL / BLACK COHOSH 20 [hp_X] in 1 mL / CINCHONA OFFICINALIS BARK 20 [hp_X] in 1 mL / ARABICA COFFEE BEAN 20 [hp_X] in 1 mL / CYPRIPEDIUM PARVIFLORUM VAR. PUBESCENS ROOT 20 [hp_X] in 1 mL / GELSEMIUM SEMPERVIRENS ROOT 20 [hp_X] in 1 mL / HOPS 20 [hp_X] in 1 mL / HYOSCYAMUS NIGER 20 [hp_X] in 1 mL / STRYCHNOS IGNATII SEED 20 [hp_X] in 1 mL / POTASSIUM BROMIDE 20 [hp_X] in 1 mL / STRYCHNOS NUX-VOMICA SEED 20 [hp_X] in 1 mL / PASSIFLORA INCARNATA FLOWERING TOP 20 [hp_X] in 1 mL / ANEMONE PULSATILLA 20 [hp_X] in 1 mL / SCUTELLARIA LATERIFLORA WHOLE 20 [hp_X] in 1 mL / SEPIA OFFICINALIS JUICE 20 [hp_X] in 1 mL / THUJA OCCIDENTALIS LEAFY TWIG 20 [hp_X] in 1 mL / VALERIAN 11 [hp_X] in 1 mL ORAL LIQUID [I-Sleep]"
"1763","C5540293","MTHSPL","https://uts-ws.nlm.nih.gov/rest/content/2022AA/CUI/C5540293","WORMWOOD 15 [hp_X] in 1 mL / SEMECARPUS ANACARDIUM JUICE 15 [hp_X] in 1 mL / SILVER NITRATE 15 [hp_X] in 1 mL / ARSENIC TRIOXIDE 15 [hp_X] in 1 mL / ATROPA BELLADONNA 15 [hp_X] in 1 mL / BRYONIA ALBA ROOT 15 [hp_X] in 1 mL / OYSTER SHELL CALCIUM CARBONATE, CRUDE 15 [hp_X] in 1 mL / CAMPHOR (NATURAL) 15 [hp_X] in 1 mL / MATRICARIA CHAMOMILLA 15 [hp_X] in 1 mL / BLACK COHOSH 15 [hp_X] in 1 mL / CINCHONA OFFICINALIS BARK 15 [hp_X] in 1 mL / ARABICA COFFEE BEAN 15 [hp_X] in 1 mL / CYPRIPEDIUM PARVIFLORUM VAR. PUBESCENS ROOT 15 [hp_X] in 1 mL / GELSEMIUM SEMPERVIRENS ROOT 15 [hp_X] in 1 mL / HOPS 15 [hp_X] in 1 mL / HYOSCYAMUS NIGER 15 [hp_X] in 1 mL / STRYCHNOS IGNATII SEED 15 [hp_X] in 1 mL / POTASSIUM BROMIDE 15 [hp_X] in 1 mL / STRYCHNOS NUX-VOMICA SEED 15 [hp_X] in 1 mL / PASSIFLORA INCARNATA FLOWERING TOP 15 [hp_X] in 1 mL / ANEMONE PULSATILLA 15 [hp_X] in 1 mL / SCUTELLARIA LATERIFLORA WHOLE 15 [hp_X] in 1 mL / SEPIA OFFICINALIS JUICE 15 [hp_X] in 1 mL / THUJA OCCIDENTALIS LEAFY TWIG 15 [hp_X] in 1 mL / VALERIAN 6 [hp_X] in 1 mL ORAL LIQUID [I-Sleep]"
"1764","C5540292","MTHSPL","https://uts-ws.nlm.nih.gov/rest/content/2022AA/CUI/C5540292","WORMWOOD 15 [hp_X] in 1 g / SEMECARPUS ANACARDIUM JUICE 15 [hp_X] in 1 g / SILVER NITRATE 15 [hp_X] in 1 g / ARSENIC TRIOXIDE 15 [hp_X] in 1 g / ATROPA BELLADONNA 15 [hp_X] in 1 g / MATRICARIA CHAMOMILLA 15 [hp_X] in 1 g / BRYONIA ALBA ROOT 15 [hp_X] in 1 g / OYSTER SHELL CALCIUM CARBONATE, CRUDE 15 [hp_X] in 1 g / CAMPHOR (NATURAL) 15 [hp_X] in 1 g / BLACK COHOSH 15 [hp_X] in 1 g / CINCHONA OFFICINALIS BARK 15 [hp_X] in 1 g / ARABICA COFFEE BEAN 15 [hp_X] in 1 g / CYPRIPEDIUM PARVIFLORUM VAR. PUBESCENS ROOT 15 [hp_X] in 1 g / GELSEMIUM SEMPERVIRENS ROOT 15 [hp_X] in 1 g / HOPS 15 [hp_X] in 1 g / HYOSCYAMUS NIGER 15 [hp_X] in 1 g / STRYCHNOS IGNATII SEED 15 [hp_X] in 1 g / POTASSIUM BROMIDE 15 [hp_X] in 1 g / STRYCHNOS NUX-VOMICA SEED 15 [hp_X] in 1 g / SEPIA OFFICINALIS JUICE 15 [hp_X] in 1 g / PASSIFLORA INCARNATA FLOWERING TOP 15 [hp_X] in 1 g / ANEMONE PULSATILLA 15 [hp_X] in 1 g / SCUTELLARIA LATERIFLORA WHOLE 15 [hp_X] in 1 g / THUJA OCCIDENTALIS LEAFY TWIG 15 [hp_X] in 1 g / VALERIAN 6 [hp_X] in 1 g ORAL PELLET [I-Sleep]"
"1765","C0557224","SNOMEDCT_US","https://uts-ws.nlm.nih.gov/rest/content/2022AA/CUI/C0557224","Sleeping at friends home"
"1766","C0182340","UMD","https://uts-ws.nlm.nih.gov/rest/content/2022AA/CUI/C0182340","Analyzers, Physiologic, Somnography"
"1767","C1970020","MTH","https://uts-ws.nlm.nih.gov/rest/content/2022AA/CUI/C1970020","RESTLESS LEGS SYNDROME, SUSCEPTIBILITY TO, 6 (finding)"
"1768","C1847399","MSH","https://uts-ws.nlm.nih.gov/rest/content/2022AA/CUI/C1847399","Faciomandibular myoclonus, nocturnal"
"1769","C3843960","MTH","https://uts-ws.nlm.nih.gov/rest/content/2022AA/CUI/C3843960","Have trouble sleeping"
"1770","C5424541","MTH","https://uts-ws.nlm.nih.gov/rest/content/2022AA/CUI/C5424541","During the past 3Mo, how often have you used sedatives or sleeping pills"
"1771","C5426045","MTH","https://uts-ws.nlm.nih.gov/rest/content/2022AA/CUI/C5426045","During the past 3Mo, how often have you used sedatives or sleeping pills:Find:3Mo:^Patient:Ord"
"1772","C2984071","NCI","https://uts-ws.nlm.nih.gov/rest/content/2022AA/CUI/C2984071","Sleeping Well"
"1773","C3641574","NCI","https://uts-ws.nlm.nih.gov/rest/content/2022AA/CUI/C3641574","ODI v2.1a - Sleeping"
"1774","C4331889","NCI","https://uts-ws.nlm.nih.gov/rest/content/2022AA/CUI/C4331889","Bothered by Difficulty Sleeping"
"1775","C5235754","NCI","https://uts-ws.nlm.nih.gov/rest/content/2022AA/CUI/C5235754","HCS - When You Are Sleeping"
"1776","C4329775","NCI","https://uts-ws.nlm.nih.gov/rest/content/2022AA/CUI/C4329775","EPDS - Unhappy Had Difficulty Sleeping"
"1777","C3639655","NCI","https://uts-ws.nlm.nih.gov/rest/content/2022AA/CUI/C3639655","NPI - Difficulty Sleeping"
"1778","C3827391","NCI","https://uts-ws.nlm.nih.gov/rest/content/2022AA/CUI/C3827391","FAMS - I Am Sleeping Well"
"1779","C4330458","NCI","https://uts-ws.nlm.nih.gov/rest/content/2022AA/CUI/C4330458","IDS-SR - Sleeping Too Much"
"1780","C3897323","NCI","https://uts-ws.nlm.nih.gov/rest/content/2022AA/CUI/C3897323","Trouble Sleeping When in Pain"
"1781","C4053920","NCI","https://uts-ws.nlm.nih.gov/rest/content/2022AA/CUI/C4053920","Trouble Sleeping Because of Pain"
"1782","C4527684","NCI","https://uts-ws.nlm.nih.gov/rest/content/2022AA/CUI/C4527684","FKSI-15 - I Am Sleeping Well"
"1783","C3899680","NCI","https://uts-ws.nlm.nih.gov/rest/content/2022AA/CUI/C3899680","Child Had Trouble Sleeping When in Pain"
"1784","C4053917","NCI","https://uts-ws.nlm.nih.gov/rest/content/2022AA/CUI/C4053917","Trouble Sleeping, Cough or Snoring Loudly"
"1785","C4688247","NCI","https://uts-ws.nlm.nih.gov/rest/content/2022AA/CUI/C4688247","TSCYC - Not Sleeping Well"
"1786","C3641535","NCI","https://uts-ws.nlm.nih.gov/rest/content/2022AA/CUI/C3641535","PHQ-15 - Trouble Sleeping"
"1787","C4053921","NCI","https://uts-ws.nlm.nih.gov/rest/content/2022AA/CUI/C4053921","Trouble Sleeping Because of Other Reason"
"1788","C5418838","NCI","https://uts-ws.nlm.nih.gov/rest/content/2022AA/CUI/C5418838","Have Trouble Sleeping at Night"
"1789","C4053913","NCI","https://uts-ws.nlm.nih.gov/rest/content/2022AA/CUI/C4053913","Trouble Sleeping, Having Bad Dreams"
"1790","C4053919","NCI","https://uts-ws.nlm.nih.gov/rest/content/2022AA/CUI/C4053919","Trouble Sleeping, Cannot Breathe Comfortably"
"1791","C4053915","NCI","https://uts-ws.nlm.nih.gov/rest/content/2022AA/CUI/C4053915","Trouble Sleeping, Feel Too Hot"
"1792","C4053916","NCI","https://uts-ws.nlm.nih.gov/rest/content/2022AA/CUI/C4053916","Trouble Sleeping, Feel Too Cold"
"1793","C5420017","NCI","https://uts-ws.nlm.nih.gov/rest/content/2022AA/CUI/C5420017","Sleeping Beauty Transposon Gene Therapy"
"1794","C4688044","NCI","https://uts-ws.nlm.nih.gov/rest/content/2022AA/CUI/C4688044","FACT-BMT Version 4 - I Am Sleeping Well"
"1795","C4329826","NCI","https://uts-ws.nlm.nih.gov/rest/content/2022AA/CUI/C4329826","FACT-HEP Version 4 - I Am Sleeping Well"
"1796","C4329872","NCI","https://uts-ws.nlm.nih.gov/rest/content/2022AA/CUI/C4329872","FACT-LEU Version 4 - I Am Sleeping Well"
"1797","C4726456","NCI","https://uts-ws.nlm.nih.gov/rest/content/2022AA/CUI/C4726456","NCCN-FACT FHNSI-22 Version 2 - I Am Sleeping Well"
"1798","C4726244","NCI","https://uts-ws.nlm.nih.gov/rest/content/2022AA/CUI/C4726244","FACT-C Version 4 - I Am Sleeping Well"
"1799","C4726364","NCI","https://uts-ws.nlm.nih.gov/rest/content/2022AA/CUI/C4726364","FACT/GOG-NTX Version 4 - I Am Sleeping Well"
"1800","C4726401","NCI","https://uts-ws.nlm.nih.gov/rest/content/2022AA/CUI/C4726401","FACT-L Version 4 - I Am Sleeping Well"
"1801","C5556019","NCI","https://uts-ws.nlm.nih.gov/rest/content/2022AA/CUI/C5556019","FAACT Version 4 - I Am Sleeping Well"
"1802","C4289363","NCI","https://uts-ws.nlm.nih.gov/rest/content/2022AA/CUI/C4289363","FACT-P Version 4 - I Am Sleeping Well"
"1803","C4289428","NCI","https://uts-ws.nlm.nih.gov/rest/content/2022AA/CUI/C4289428","FACT-B Version 4 - I Am Sleeping Well"
"1804","C4289471","NCI","https://uts-ws.nlm.nih.gov/rest/content/2022AA/CUI/C4289471","FACIT-F Version 4 - I Am Sleeping Well"
"1805","C4744266","NCI","https://uts-ws.nlm.nih.gov/rest/content/2022AA/CUI/C4744266","FACT-BL Version 4 - I Am Sleeping Well"
"1806","C4288659","NCI","https://uts-ws.nlm.nih.gov/rest/content/2022AA/CUI/C4288659","NCCN-FACT FOSI-18 Version 2 - I Am Sleeping Well"
"1807","C4289396","NCI","https://uts-ws.nlm.nih.gov/rest/content/2022AA/CUI/C4289396","FACT-G Version 4 - I Am Sleeping Well"
"1808","C4329917","NCI","https://uts-ws.nlm.nih.gov/rest/content/2022AA/CUI/C4329917","FACT-LYM Version 4 - I Am Sleeping Well"
"1809","C4288642","NCI","https://uts-ws.nlm.nih.gov/rest/content/2022AA/CUI/C4288642","NCCN-FACT-FPSI 17 Version 2 - I Am Sleeping Well"
"1810","C4288679","NCI","https://uts-ws.nlm.nih.gov/rest/content/2022AA/CUI/C4288679","NCCN-FACT FKSI-19 Version 2 - I Am Sleeping Well"
"1811","C4288698","NCI","https://uts-ws.nlm.nih.gov/rest/content/2022AA/CUI/C4288698","NCCN-FACT FBLSI-18 Version 2 - I Am Sleeping Well"
"1812","C4726281","NCI","https://uts-ws.nlm.nih.gov/rest/content/2022AA/CUI/C4726281","FACT-Taxane Version 4 - I Am Sleeping Well"
"1813","C4726430","NCI","https://uts-ws.nlm.nih.gov/rest/content/2022AA/CUI/C4726430","NCCN-FACT FBRSI-24 Version 2 - I Am Sleeping Well"
"1814","C4726324","NCI","https://uts-ws.nlm.nih.gov/rest/content/2022AA/CUI/C4726324","FACT-BRM Version 4 - I Am Sleeping Well"
"1815","C4331190","NCI","https://uts-ws.nlm.nih.gov/rest/content/2022AA/CUI/C4331190","QIDS-SR - Sleeping Too Much"
"1816","C4053914","NCI","https://uts-ws.nlm.nih.gov/rest/content/2022AA/CUI/C4053914","Trouble Sleeping, Get Up to Use the Bathroom"
"1817","C5235813","NCI","https://uts-ws.nlm.nih.gov/rest/content/2022AA/CUI/C5235813","PARTNER-DDS - Low Blood Sugars When Sleeping"
"1818","C5235770","NCI","https://uts-ws.nlm.nih.gov/rest/content/2022AA/CUI/C5235770","PARENT-DDS - Low Blood Sugars When Sleeping"
"1819","C4688225","NCI","https://uts-ws.nlm.nih.gov/rest/content/2022AA/CUI/C4688225","TSCYC - Not Sleeping for Two or More Days"
"1820","C5205987","NCI","https://uts-ws.nlm.nih.gov/rest/content/2022AA/CUI/C5205987","EORTC QLQ-C15-PAL Version 1 - Have You Had Trouble Sleeping"
"1821","C5206006","NCI","https://uts-ws.nlm.nih.gov/rest/content/2022AA/CUI/C5206006","EORTC QLQ-C30 Version 3 - Have You Had Trouble Sleeping"
"1822","C4053912","NCI","https://uts-ws.nlm.nih.gov/rest/content/2022AA/CUI/C4053912","Trouble Sleeping, Waking Up in the Middle of the Night or Early Morning"
"1823","C4683243","NCI","https://uts-ws.nlm.nih.gov/rest/content/2022AA/CUI/C4683243","How Often Experienced Difficulty Sleeping Because of Discomfort in Breast Area"
"1824","C4086215","NCI","https://uts-ws.nlm.nih.gov/rest/content/2022AA/CUI/C4086215","Concern About Your Use of Sedative or Sleeping Medication"
"1825","C5238523","NCI","https://uts-ws.nlm.nih.gov/rest/content/2022AA/CUI/C5238523","Pet Sleeps More, Is Awake Less"
"1826","C4086929","NCI","https://uts-ws.nlm.nih.gov/rest/content/2022AA/CUI/C4086929","Use Sedative or Sleeping Medication Not as Prescribed or Without a Prescription"
"1827","C4329931","NCI","https://uts-ws.nlm.nih.gov/rest/content/2022AA/CUI/C4329931","FACT-LYM Version 4 - I Have Trouble Sleeping at Night"
"1828","C4086870","NCI","https://uts-ws.nlm.nih.gov/rest/content/2022AA/CUI/C4086870","Strong Desire to Use Sedative or Sleeping Medication at Least Once a Week"
"1829","C3641513","NCI","https://uts-ws.nlm.nih.gov/rest/content/2022AA/CUI/C3641513","PHQ-9 - Trouble Falling or Staying Asleep, or Sleeping Too Much"
"1830","C4525907","NCI","https://uts-ws.nlm.nih.gov/rest/content/2022AA/CUI/C4525907","Mild Pain or Disturbing Body Sensations Not Limiting Activities"
"1831","C4525934","NCI","https://uts-ws.nlm.nih.gov/rest/content/2022AA/CUI/C4525934","On Rare Occasions, Leak Urine or Lose Bladder Control, Does not Interfere with Any Activities"
"1832","C0944214","MTH","https://uts-ws.nlm.nih.gov/rest/content/2022AA/CUI/C0944214","Polysomnography study:Find:Pt:^Patient:Doc:Polysomnography"
"1833","C4750590","SNOMEDCT_US","https://uts-ws.nlm.nih.gov/rest/content/2022AA/CUI/C4750590","History of sleeping out"
"1834","C3494580","SNOMEDCT_US","https://uts-ws.nlm.nih.gov/rest/content/2022AA/CUI/C3494580","Circadian rhythm disorder caused by drug"
"1835","C0867587","MEDCIN","https://uts-ws.nlm.nih.gov/rest/content/2022AA/CUI/C0867587","accidental poisoning by sleeping pills"
"1836","C1530521","MSH","https://uts-ws.nlm.nih.gov/rest/content/2022AA/CUI/C1530521","sleeping beauty transposase, human"
"1837","C3661810","SNOMEDCT_US","https://uts-ws.nlm.nih.gov/rest/content/2022AA/CUI/C3661810","Sleeps in sitting position due to orthopnea"
"1838","C5401842","MTHSPL","https://uts-ws.nlm.nih.gov/rest/content/2022AA/CUI/C5401842","ADENOSINE 0.04 g in 100 mL TOPICAL LIQUID [MULTI FUNCTION SLEEPING PACK]"
"1839","C4530800","MTHSPL","https://uts-ws.nlm.nih.gov/rest/content/2022AA/CUI/C4530800","Niacinamide 1.00 g in 50 mL / Adenosine 0.02 g in 50 mL TOPICAL CREAM [MULBIT ME FIRMING SLEEPING PACK]"
"1840","C3687971","UMD","https://uts-ws.nlm.nih.gov/rest/content/2022AA/CUI/C3687971","Sleeping Bags"
"1841","C1736533","UMD","https://uts-ws.nlm.nih.gov/rest/content/2022AA/CUI/C1736533","Sleeping Sickness Diagnostic Reagents"
"1842","C3182402","MMX","https://uts-ws.nlm.nih.gov/rest/content/2022AA/CUI/C3182402","Catnip/Celery Seed/Dried Orange/Hop Flower/Passionflower/Valerian Root Extract 65 MG-65 MG-32.5 MG-32.5 MG-65 MG-65 MG Oral Tablet"
"1843","C2721691","MDR","https://uts-ws.nlm.nih.gov/rest/content/2022AA/CUI/C2721691","Co-sleeping"
"1844","C0748847","CHV","https://uts-ws.nlm.nih.gov/rest/content/2022AA/CUI/C0748847","sleeping pill overdose"
"1845","C2136004","MEDCIN","https://uts-ws.nlm.nih.gov/rest/content/2022AA/CUI/C2136004","sleeps on left side"
"1846","C0840980","ICD10AM","https://uts-ws.nlm.nih.gov/rest/content/2022AA/CUI/C0840980","While resting, sleeping, eating or engaging in other vital activities"
"1847","C2136001","MEDCIN","https://uts-ws.nlm.nih.gov/rest/content/2022AA/CUI/C2136001","sleeps on stomach"
"1848","C2136002","MEDCIN","https://uts-ws.nlm.nih.gov/rest/content/2022AA/CUI/C2136002","sleeps on back"
"1849","C2165511","MEDCIN","https://uts-ws.nlm.nih.gov/rest/content/2022AA/CUI/C2165511","depression accompanied by sleeping more"
"1850","C2127462","MEDCIN","https://uts-ws.nlm.nih.gov/rest/content/2022AA/CUI/C2127462","visit for screening exam for sleeping sickness"
"1851","C2077670","MEDCIN","https://uts-ws.nlm.nih.gov/rest/content/2022AA/CUI/C2077670","intentional poisoning by sleeping pills"
"1852","C2165510","MEDCIN","https://uts-ws.nlm.nih.gov/rest/content/2022AA/CUI/C2165510","depression accompanied by sleeping less"
"1853","C2136003","MEDCIN","https://uts-ws.nlm.nih.gov/rest/content/2022AA/CUI/C2136003","sleeps on right side"
"1854","C2169933","MEDCIN","https://uts-ws.nlm.nih.gov/rest/content/2022AA/CUI/C2169933","regurgitation while sleeping"
"1855","C2193202","MEDCIN","https://uts-ws.nlm.nih.gov/rest/content/2022AA/CUI/C2193202","avoid sleeping with pets"
"1856","C2034434","MEDCIN","https://uts-ws.nlm.nih.gov/rest/content/2022AA/CUI/C2034434","parental concerns: sleeping"
"1857","C2064715","MEDCIN","https://uts-ws.nlm.nih.gov/rest/content/2022AA/CUI/C2064715","modify sleeping posture"
"1858","C2223172","MEDCIN","https://uts-ws.nlm.nih.gov/rest/content/2022AA/CUI/C2223172","discussed sleeping position"
"1859","C2118154","MEDCIN","https://uts-ws.nlm.nih.gov/rest/content/2022AA/CUI/C2118154","sleeping pill toxicity"
"1860","C5540814","MEDCIN","https://uts-ws.nlm.nih.gov/rest/content/2022AA/CUI/C5540814","African sleeping sickness affecting skin"
"1861","C2204264","MEDCIN","https://uts-ws.nlm.nih.gov/rest/content/2022AA/CUI/C2204264","sleeping pill poisoning with undetermined intent"
"1862","C2129614","MEDCIN","https://uts-ws.nlm.nih.gov/rest/content/2022AA/CUI/C2129614","midback pain worsens when sleeping on back"
"1863","C2129615","MEDCIN","https://uts-ws.nlm.nih.gov/rest/content/2022AA/CUI/C2129615","midback pain worsens when sleeping on stomach"
"1864","C2095525","MEDCIN","https://uts-ws.nlm.nih.gov/rest/content/2022AA/CUI/C2095525","discussed concerns about sleeping"
"1865","C3864258","MEDCIN","https://uts-ws.nlm.nih.gov/rest/content/2022AA/CUI/C3864258","milestone: sleeps through the night"
"1866","C2136005","MEDCIN","https://uts-ws.nlm.nih.gov/rest/content/2022AA/CUI/C2136005","frequent change of sleeping position"
"1867","C4031954","MEDCIN","https://uts-ws.nlm.nih.gov/rest/content/2022AA/CUI/C4031954","anticipatory guidance: sleeping position on left side"
"1868","C2129612","MEDCIN","https://uts-ws.nlm.nih.gov/rest/content/2022AA/CUI/C2129612","upper back pain worse when sleeping on back"
"1869","C2129613","MEDCIN","https://uts-ws.nlm.nih.gov/rest/content/2022AA/CUI/C2129613","upper back pain worse when sleeping on stomach"
"1870","C4480154","MEDCIN","https://uts-ws.nlm.nih.gov/rest/content/2022AA/CUI/C4480154","chest compression brace while sleeping"
"1871","C2204263","MEDCIN","https://uts-ws.nlm.nih.gov/rest/content/2022AA/CUI/C2204263","self-inflicted overdose of sleeping pills"
"1872","C4031952","MEDCIN","https://uts-ws.nlm.nih.gov/rest/content/2022AA/CUI/C4031952","anticipatory guidance: sleeping position on stomach"
"1873","C3250683","MEDCIN","https://uts-ws.nlm.nih.gov/rest/content/2022AA/CUI/C3250683","anticipatory guidance: sleeping position on back"
"1874","C2142825","MEDCIN","https://uts-ws.nlm.nih.gov/rest/content/2022AA/CUI/C2142825","PSC-21: having trouble sleeping"
"1875","C2130124","MEDCIN","https://uts-ws.nlm.nih.gov/rest/content/2022AA/CUI/C2130124","lower back pain unchanged when sleeping on stomach"
"1876","C2129617","MEDCIN","https://uts-ws.nlm.nih.gov/rest/content/2022AA/CUI/C2129617","lower back pain worsens when sleeping on stomach"
"1877","C2130123","MEDCIN","https://uts-ws.nlm.nih.gov/rest/content/2022AA/CUI/C2130123","lower back pain unchanged when sleeping on back"
"1878","C2129616","MEDCIN","https://uts-ws.nlm.nih.gov/rest/content/2022AA/CUI/C2129616","lower back pain worsens when sleeping on back"
"1879","C2130094","MEDCIN","https://uts-ws.nlm.nih.gov/rest/content/2022AA/CUI/C2130094","midback pain unchanged when sleeping on back"
"1880","C2130095","MEDCIN","https://uts-ws.nlm.nih.gov/rest/content/2022AA/CUI/C2130095","midback pain unchanged when sleeping on stomach"
"1881","C3647072","MEDCIN","https://uts-ws.nlm.nih.gov/rest/content/2022AA/CUI/C3647072","patient activity at time of event - sleeping"
"1882","C4031953","MEDCIN","https://uts-ws.nlm.nih.gov/rest/content/2022AA/CUI/C4031953","anticipatory guidance: sleeping position on right side"
"1883","C2128640","MEDCIN","https://uts-ws.nlm.nih.gov/rest/content/2022AA/CUI/C2128640","lower back pain after sleeping on back several hours"
"1884","C2034410","MEDCIN","https://uts-ws.nlm.nih.gov/rest/content/2022AA/CUI/C2034410","parental concerns: child not sleeping through night"
"1885","C2130071","MEDCIN","https://uts-ws.nlm.nih.gov/rest/content/2022AA/CUI/C2130071","upper back pain unchanged when sleeping on back"
"1886","C2226612","MEDCIN","https://uts-ws.nlm.nih.gov/rest/content/2022AA/CUI/C2226612","medicated level of sedation sleeping, but easily aroused"
"1887","C2130072","MEDCIN","https://uts-ws.nlm.nih.gov/rest/content/2022AA/CUI/C2130072","upper back pain unchanged when sleeping on stomach"
"1888","C2182650","MEDCIN","https://uts-ws.nlm.nih.gov/rest/content/2022AA/CUI/C2182650","2-3 week episodes of sleeping much more than usual"
"1889","C2049717","MEDCIN","https://uts-ws.nlm.nih.gov/rest/content/2022AA/CUI/C2049717","infant sleeping more than 4-5 hours at a time"
"1890","C2034372","MEDCIN","https://uts-ws.nlm.nih.gov/rest/content/2022AA/CUI/C2034372","parental concerns: child sleeps most of day, stays up all night"
"1891","C3641566","NCI","https://uts-ws.nlm.nih.gov/rest/content/2022AA/CUI/C3641566","SOWS Short - Insomnia/Problems Sleeping"
"1892","C0234448","SNMI","https://uts-ws.nlm.nih.gov/rest/content/2022AA/CUI/C0234448","SLEEPING AND DREAMING"
"1893","C4264700","LNC","https://uts-ws.nlm.nih.gov/rest/content/2022AA/CUI/C4264700","Sleeping:Find:Pt:^Patient:Ord:NDI"
"1894","C3174082","LNC","https://uts-ws.nlm.nih.gov/rest/content/2022AA/CUI/C3174082","During your waking time, do you feel tired, fatigued, or not up to par:Find:Pt:^Patient:Ord:PhenX"
"1895","C4483377","LNC","https://uts-ws.nlm.nih.gov/rest/content/2022AA/CUI/C4483377","Note:Find:Pt:{Setting}:Doc:Sleep medicine"
"1896","C3258277","LNC","https://uts-ws.nlm.nih.gov/rest/content/2022AA/CUI/C3258277","Trouble sleeping in past 4W"
"1897","C3174084","LNC","https://uts-ws.nlm.nih.gov/rest/content/2022AA/CUI/C3174084","Have you ever nodded off or fallen asleep while driving a vehicle:Find:Pt:^Patient:Ord:PhenX"
"1898","C3176521","LNC","https://uts-ws.nlm.nih.gov/rest/content/2022AA/CUI/C3176521","How many Hs were you sleeping then:Time:Pt:^Patient:Qn:DI-PAD CGP V 1.4"
"1899","C5453573","LNC","https://uts-ws.nlm.nih.gov/rest/content/2022AA/CUI/C5453573","Evaluation note:Find:Pt:{Setting}:Doc:Sleep medicine"
"1900","C4696365","LNC","https://uts-ws.nlm.nih.gov/rest/content/2022AA/CUI/C4696365","Note:Find:Pt:{Setting}:Doc:Sleep medicine.physician"
"1901","C4483379","LNC","https://uts-ws.nlm.nih.gov/rest/content/2022AA/CUI/C4483379","Consultation note:Find:Pt:{Setting}:Doc:Sleep medicine"
"1902","C5453576","LNC","https://uts-ws.nlm.nih.gov/rest/content/2022AA/CUI/C5453576","Procedure note:Find:Pt:{Setting}:Doc:Sleep medicine"
"1903","C5453574","LNC","https://uts-ws.nlm.nih.gov/rest/content/2022AA/CUI/C5453574","Discharge summary note:Find:Pt:{Setting}:Doc:Sleep medicine"
"1904","C1976703","LNC","https://uts-ws.nlm.nih.gov/rest/content/2022AA/CUI/C1976703","Insomnia &or change in sleeping pattern"
"1905","C3483429","LNC","https://uts-ws.nlm.nih.gov/rest/content/2022AA/CUI/C3483429","Changes in sleeping patterns:-:Pt:^Patient:-:M3"
"1906","C4740131","LNC","https://uts-ws.nlm.nih.gov/rest/content/2022AA/CUI/C4740131","Note:Find:Pt:Outpatient:Doc:Sleep medicine"
"1907","C4740133","LNC","https://uts-ws.nlm.nih.gov/rest/content/2022AA/CUI/C4740133","Note:Find:Pt:Telehealth:Doc:Sleep medicine"
"1908","C5426518","LNC","https://uts-ws.nlm.nih.gov/rest/content/2022AA/CUI/C5426518","Progress note:Find:Pt:{Setting}:Doc:Sleep medicine"
"1909","C3175837","LNC","https://uts-ws.nlm.nih.gov/rest/content/2022AA/CUI/C3175837","Did you have more trouble falling asleep than you usually do:Find:Pt:^Patient:Ord:QIDS"
"1910","C3175862","LNC","https://uts-ws.nlm.nih.gov/rest/content/2022AA/CUI/C3175862","Sleeping too much in past 7D:Find:7D:^Patient:Ord:QIDS"
"1911","C3475655","LNC","https://uts-ws.nlm.nih.gov/rest/content/2022AA/CUI/C3475655","I am sleeping well in the past 7D"
"1912","C2964011","LNC","https://uts-ws.nlm.nih.gov/rest/content/2022AA/CUI/C2964011","I had trouble sleeping in past 7D"
"1913","C2963992","LNC","https://uts-ws.nlm.nih.gov/rest/content/2022AA/CUI/C2963992","I had difficulty sleeping in past 7D"
"1914","C5453575","LNC","https://uts-ws.nlm.nih.gov/rest/content/2022AA/CUI/C5453575","History and physical note:Find:Pt:{Setting}:Doc:Sleep medicine"
"1915","C4483378","LNC","https://uts-ws.nlm.nih.gov/rest/content/2022AA/CUI/C4483378","Diagnostic study note:Find:Pt:{Setting}:Doc:Sleep medicine"
"1916","C4740132","LNC","https://uts-ws.nlm.nih.gov/rest/content/2022AA/CUI/C4740132","Consultation note:Find:Pt:Telehealth:Doc:Sleep medicine"
"1917","C3533155","LNC","https://uts-ws.nlm.nih.gov/rest/content/2022AA/CUI/C3533155","Changes in sleeping patterns - follow up"
"1918","C3175021","LNC","https://uts-ws.nlm.nih.gov/rest/content/2022AA/CUI/C3175021","I worry about sleeping alone"
"1919","C3166339","LNC","https://uts-ws.nlm.nih.gov/rest/content/2022AA/CUI/C3166339","Sleeping too much in past 7D"
"1920","C4264369","LNC","https://uts-ws.nlm.nih.gov/rest/content/2022AA/CUI/C4264369","I have no trouble sleeping."
"1921","C3174074","LNC","https://uts-ws.nlm.nih.gov/rest/content/2022AA/CUI/C3174074","How often do you snore:Find:Pt:^Patient:Ord:PhenX"
"1922","C3174104","LNC","https://uts-ws.nlm.nih.gov/rest/content/2022AA/CUI/C3174104","Have you ever had to shake your sleeping child to get him or her to breathe, or wake up and breathe:Find:Pt:^Patient:Ord:PhenX"
"1923","C3176703","LNC","https://uts-ws.nlm.nih.gov/rest/content/2022AA/CUI/C3176703","How often did having trouble falling asleep happen:Find:Pt:^Patient:Ord:QIDS"
"1924","C1716670","LNC","https://uts-ws.nlm.nih.gov/rest/content/2022AA/CUI/C1716670","Insomnia &or change in sleeping pattern:Find:Pt:^Patient:Ord:MDS"
"1925","C3166778","LNC","https://uts-ws.nlm.nih.gov/rest/content/2022AA/CUI/C3166778","While sleeping, does your child ever snore"
"1926","C3176522","LNC","https://uts-ws.nlm.nih.gov/rest/content/2022AA/CUI/C3176522","How many Hs were you sleeping then"
"1927","C3166782","LNC","https://uts-ws.nlm.nih.gov/rest/content/2022AA/CUI/C3166782","While sleeping, does your child snore loudly"
"1928","C3166777","LNC","https://uts-ws.nlm.nih.gov/rest/content/2022AA/CUI/C3166777","While sleeping, does your child always snore"
"1929","C3263517","LNC","https://uts-ws.nlm.nih.gov/rest/content/2022AA/CUI/C3263517","Trouble sleeping in past 4W:Find:4W:^Patient:Ord:Reported.PHQ"
"1930","C4034678","LNC","https://uts-ws.nlm.nih.gov/rest/content/2022AA/CUI/C4034678","I slept better after I drank in past 30D"
"1931","C3174076","LNC","https://uts-ws.nlm.nih.gov/rest/content/2022AA/CUI/C3174076","Has your snoring ever bothered other people:Find:Pt:^Patient:Ord:PhenX"
"1932","C3843078","LNC","https://uts-ws.nlm.nih.gov/rest/content/2022AA/CUI/C3843078","Always works nights, sleeps during the day"
"1933","C3533820","LNC","https://uts-ws.nlm.nih.gov/rest/content/2022AA/CUI/C3533820","Changes in sleeping patterns - follow up:-:Pt:^Patient:-:M3"
"1934","C3174088","LNC","https://uts-ws.nlm.nih.gov/rest/content/2022AA/CUI/C3174088","Do you have high blood pressure:Find:Pt:^Patient:Ord:PhenX"
"1935","C3482551","LNC","https://uts-ws.nlm.nih.gov/rest/content/2022AA/CUI/C3482551","I am sleeping well in the past 7D:Find:7D:^Patient:Ord:FACIT"
"1936","C3174097","LNC","https://uts-ws.nlm.nih.gov/rest/content/2022AA/CUI/C3174097","While sleeping, does your child snore loudly:Find:Pt:^Patient:Ord:PhenX"
"1937","C3699042","LNC","https://uts-ws.nlm.nih.gov/rest/content/2022AA/CUI/C3699042","I had difficulty sleeping in past 7D:Find:7D:^Patient:Ord:PROMIS"
"1938","C3475840","LNC","https://uts-ws.nlm.nih.gov/rest/content/2022AA/CUI/C3475840","I have difficulty sleeping in the last 2W or more"
"1939","C3699080","LNC","https://uts-ws.nlm.nih.gov/rest/content/2022AA/CUI/C3699080","I had trouble sleeping in past 7D:Find:7D:^Patient:Ord:PROMIS"
"1940","C3174094","LNC","https://uts-ws.nlm.nih.gov/rest/content/2022AA/CUI/C3174094","While sleeping, does your child ever snore:Find:Pt:^Patient:Ord:PhenX"
"1941","C3174096","LNC","https://uts-ws.nlm.nih.gov/rest/content/2022AA/CUI/C3174096","While sleeping, does your child always snore:Find:Pt:^Patient:Ord:PhenX"
"1942","C3175402","LNC","https://uts-ws.nlm.nih.gov/rest/content/2022AA/CUI/C3175402","Has your difficulty with sleeping occurred or worsened during menstruation"
"1943","C3176007","LNC","https://uts-ws.nlm.nih.gov/rest/content/2022AA/CUI/C3176007","Has your difficulty with sleeping occurred or worsened during pregnancy"
"1944","C3176009","LNC","https://uts-ws.nlm.nih.gov/rest/content/2022AA/CUI/C3176009","Has your difficulty with sleeping occurred or worsened during menopause"
"1945","C4037279","LNC","https://uts-ws.nlm.nih.gov/rest/content/2022AA/CUI/C4037279","I slept better after I drank in past 30D:Find:30D:^Patient:Ord:PROMIS"
"1946","C5424614","LNC","https://uts-ws.nlm.nih.gov/rest/content/2022AA/CUI/C5424614","Sedatives or sleeping pills substance involvement score"
"1947","C3175948","LNC","https://uts-ws.nlm.nih.gov/rest/content/2022AA/CUI/C3175948","Do you feel awake and refreshed after sleeping"
"1948","C4296907","LNC","https://uts-ws.nlm.nih.gov/rest/content/2022AA/CUI/C4296907","Holidays/long weekend/not sleeping at home"
"1949","C3261677","LNC","https://uts-ws.nlm.nih.gov/rest/content/2022AA/CUI/C3261677","I had trouble sleeping because of bad dreams in the past 7D"
"1950","C3261934","LNC","https://uts-ws.nlm.nih.gov/rest/content/2022AA/CUI/C3261934","I had trouble sleeping in the past 7D:Find:7D:^Patient:Ord:NeuroQol.Peds"
"1951","C3483837","LNC","https://uts-ws.nlm.nih.gov/rest/content/2022AA/CUI/C3483837","I have difficulty sleeping in the last 2W or more:Find:Pt:^Patient:Ord:M3"
"1952","C3166780","LNC","https://uts-ws.nlm.nih.gov/rest/content/2022AA/CUI/C3166780","While sleeping, does your child have heavy or loud breathing"
"1953","C2964012","LNC","https://uts-ws.nlm.nih.gov/rest/content/2022AA/CUI/C2964012","I had trouble sleeping when I had pain in past 7D"
"1954","C5426118","LNC","https://uts-ws.nlm.nih.gov/rest/content/2022AA/CUI/C5426118","Sedatives or sleeping pills substance involvement score:Score:Pt:^Patient:Qn:NIDA"
"1955","C3175947","LNC","https://uts-ws.nlm.nih.gov/rest/content/2022AA/CUI/C3175947","Do you feel awake and refreshed after sleeping:Find:Pt:^Patient:Ord:PhenX"
"1956","C3475957","LNC","https://uts-ws.nlm.nih.gov/rest/content/2022AA/CUI/C3475957","I have trouble sleeping at night in the past 7D"
"1957","C3475813","LNC","https://uts-ws.nlm.nih.gov/rest/content/2022AA/CUI/C3475813","I have been sleeping too much in the last 2W or more"
"1958","C3166779","LNC","https://uts-ws.nlm.nih.gov/rest/content/2022AA/CUI/C3166779","While sleeping, does your child ever snore more than half the time"
"1959","C3166781","LNC","https://uts-ws.nlm.nih.gov/rest/content/2022AA/CUI/C3166781","While sleeping, does your child have trouble breathing, or struggle to breathe"
"1960","C3174098","LNC","https://uts-ws.nlm.nih.gov/rest/content/2022AA/CUI/C3174098","While sleeping, does your child have heavy or loud breathing:Find:Pt:^Patient:Ord:PhenX"
"1961","C5141830","LNC","https://uts-ws.nlm.nih.gov/rest/content/2022AA/CUI/C5141830","My child had trouble sleeping at night because of asthma in past 7D"
"1962","C3261676","LNC","https://uts-ws.nlm.nih.gov/rest/content/2022AA/CUI/C3261676","I had trouble sleeping because of bad dreams in the past 7D:Find:7D:^Patient:Ord:NeuroQol"
"1963","C2964010","LNC","https://uts-ws.nlm.nih.gov/rest/content/2022AA/CUI/C2964010","I had trouble sleeping at night because of my asthma in past 7D"
"1964","C3699204","LNC","https://uts-ws.nlm.nih.gov/rest/content/2022AA/CUI/C3699204","I had trouble sleeping when I had pain in past 7D:Find:7D:^Patient:Ord:PROMIS"
"1965","C3174099","LNC","https://uts-ws.nlm.nih.gov/rest/content/2022AA/CUI/C3174099","While sleeping, does your child have trouble breathing, or struggle to breathe:Find:Pt:^Patient:Ord:PhenX"
"1966","C3174095","LNC","https://uts-ws.nlm.nih.gov/rest/content/2022AA/CUI/C3174095","While sleeping, does your child ever snore more than half the time:Find:Pt:^Patient:Ord:PhenX"
"1967","C3483838","LNC","https://uts-ws.nlm.nih.gov/rest/content/2022AA/CUI/C3483838","I have been sleeping too much in the last 2W or more:Find:Pt:^Patient:Ord:M3"
"1968","C3176011","LNC","https://uts-ws.nlm.nih.gov/rest/content/2022AA/CUI/C3176011","Has your difficulty with sleeping occurred or worsened during a few Ds before menstruation"
"1969","C3843969","LNC","https://uts-ws.nlm.nih.gov/rest/content/2022AA/CUI/C3843969","Sedatives, for example, sleeping pills, barbiturates, seconal, quaaludes, or chloral hydrate"
"1970","C3481657","LNC","https://uts-ws.nlm.nih.gov/rest/content/2022AA/CUI/C3481657","I have trouble sleeping at night in the past 7D:Find:7D:^Patient:Ord:FACIT"
"1971","C3475841","LNC","https://uts-ws.nlm.nih.gov/rest/content/2022AA/CUI/C3475841","I have difficulty sleeping since I took my last screen"
"1972","C2924112","LNC","https://uts-ws.nlm.nih.gov/rest/content/2022AA/CUI/C2924112","Trouble falling or staying asleep, or sleeping too much in last 2W"
"1973","C3869541","LNC","https://uts-ws.nlm.nih.gov/rest/content/2022AA/CUI/C3869541","My child had trouble sleeping when he or she had pain in past 7D"
"1974","C3484040","LNC","https://uts-ws.nlm.nih.gov/rest/content/2022AA/CUI/C3484040","I have difficulty sleeping since I took my last screen:Find:Pt:^Patient:Ord:M3"
"1975","C2924590","LNC","https://uts-ws.nlm.nih.gov/rest/content/2022AA/CUI/C2924590","Trouble falling or staying asleep, or sleeping too much in last 2W.presence"
"1976","C3699153","LNC","https://uts-ws.nlm.nih.gov/rest/content/2022AA/CUI/C3699153","I had trouble sleeping at night because of my asthma in past 7D:Find:7D:^Patient:Ord:PROMIS"
"1977","C3475816","LNC","https://uts-ws.nlm.nih.gov/rest/content/2022AA/CUI/C3475816","I have been so unhappy that I have had difficulty sleeping in the past 7D"
"1978","C2924589","LNC","https://uts-ws.nlm.nih.gov/rest/content/2022AA/CUI/C2924589","Trouble falling or staying asleep, or sleeping too much in last 2W.frequency"
"1979","C5425809","LNC","https://uts-ws.nlm.nih.gov/rest/content/2022AA/CUI/C5425809","Sedatives or sleeping pills (Valium, Serepax, Ativan, Xanax, Librium, Rohypnol, GHB, etc.)"
"1980","C3475814","LNC","https://uts-ws.nlm.nih.gov/rest/content/2022AA/CUI/C3475814","I have been sleeping too much since I took my last screen"
"1981","C5143539","LNC","https://uts-ws.nlm.nih.gov/rest/content/2022AA/CUI/C5143539","My child had trouble sleeping at night because of asthma in past 7D:Find:7D:^Patient:Ord:PROMIS.PARENTPROXY"
"1982","C1715517","LNC","https://uts-ws.nlm.nih.gov/rest/content/2022AA/CUI/C1715517","Trouble falling or staying asleep, or sleeping too much in last 2W:Find:2W:^Patient:Ord:Reported.PHQ"
"1983","C3175406","LNC","https://uts-ws.nlm.nih.gov/rest/content/2022AA/CUI/C3175406","How old were you when you first experienced this kind of difficulty with sleeping, for at least 1Mo"
"1984","C3699265","LNC","https://uts-ws.nlm.nih.gov/rest/content/2022AA/CUI/C3699265","I have been so unhappy that I have had difficulty sleeping in the past 7D:Find:7D:^Patient:Ord:EPDS"
"1985","C3484041","LNC","https://uts-ws.nlm.nih.gov/rest/content/2022AA/CUI/C3484041","I have been sleeping too much since I took my last screen:Find:Pt:^Patient:Ord:M3"
"1986","C3845214","LNC","https://uts-ws.nlm.nih.gov/rest/content/2022AA/CUI/C3845214","Stairs inside the living setting that must be used by patient (e.g., to get to toileting, sleeping, eating areas)."
"1987","C3175994","LNC","https://uts-ws.nlm.nih.gov/rest/content/2022AA/CUI/C3175994","During the past Y, what was the longest period of time that you had these sleeping problems on most nights"
"1988","C5424593","LNC","https://uts-ws.nlm.nih.gov/rest/content/2022AA/CUI/C5424593","Have you ever tried and failed to control, cut down or stop using sedatives or sleeping pills"
"1989","C3870016","LNC","https://uts-ws.nlm.nih.gov/rest/content/2022AA/CUI/C3870016","My child had trouble sleeping when he or she had pain in past 7D:Find:7D:^Patient:Ord:PROMIS.PARENTPROXY"
"1990","C4296952","LNC","https://uts-ws.nlm.nih.gov/rest/content/2022AA/CUI/C4296952","Some difficulty sleeping at night due to shortness of breath, does not routinely use more than two pillows"
"1991","C3166789","LNC","https://uts-ws.nlm.nih.gov/rest/content/2022AA/CUI/C3166789","While your child sleeps, have you seen brief kicks of one leg or both legs"
"1992","C3175993","LNC","https://uts-ws.nlm.nih.gov/rest/content/2022AA/CUI/C3175993","During the past Y, what was the longest period of time that you had these sleeping problems on most nights:Time:1Y:^Patient:Qn:PhenX"
"1993","C5426097","LNC","https://uts-ws.nlm.nih.gov/rest/content/2022AA/CUI/C5426097","Have you ever tried and failed to control, cut down or stop using sedatives or sleeping pills:Find:Pt:^Patient:Ord:NIDA"
"1994","C2706937","LNC","https://uts-ws.nlm.nih.gov/rest/content/2022AA/CUI/C2706937","Trouble falling or staying asleep, or sleeping too much in last 2W.frequency:Find:2W:^Patient:Ord:Observed.PHQ-9.CMS"
"1995","C2707458","LNC","https://uts-ws.nlm.nih.gov/rest/content/2022AA/CUI/C2707458","Trouble falling or staying asleep, or sleeping too much in last 2W.frequency:Find:2W:^Patient:Ord:Reported.PHQ-9.CMS"
"1996","C2706935","LNC","https://uts-ws.nlm.nih.gov/rest/content/2022AA/CUI/C2706935","Trouble falling or staying asleep, or sleeping too much in last 2W.presence:Find:2W:^Patient:Ord:Observed.PHQ-9.CMS"
"1997","C2707457","LNC","https://uts-ws.nlm.nih.gov/rest/content/2022AA/CUI/C2707457","Trouble falling or staying asleep, or sleeping too much in last 2W.presence:Find:2W:^Patient:Ord:Reported.PHQ-9.CMS"
"1998","C3174116","LNC","https://uts-ws.nlm.nih.gov/rest/content/2022AA/CUI/C3174116","While your child sleeps, have you seen brief kicks of one leg or both legs:Find:Pt:^Patient:Ord:PhenX"
"1999","C3174105","LNC","https://uts-ws.nlm.nih.gov/rest/content/2022AA/CUI/C3174105","Have you ever had to shake your sleeping child to get him or her to breathe, or wake up and breathe"
"2000","C5424581","LNC","https://uts-ws.nlm.nih.gov/rest/content/2022AA/CUI/C5424581","Has a friend or relative or anyone else ever expressed concern about your use of sedatives or sleeping pills"
"2001","C5424561","LNC","https://uts-ws.nlm.nih.gov/rest/content/2022AA/CUI/C5424561","During the past 3Mo, how often has your use of sedatives or sleeping pills led to health, social, legal or financial problems"
"2002","C5424551","LNC","https://uts-ws.nlm.nih.gov/rest/content/2022AA/CUI/C5424551","During the past 3Mo, how often have you had a strong desire or urge to use sedatives or sleeping pills"
"2003","C5426085","LNC","https://uts-ws.nlm.nih.gov/rest/content/2022AA/CUI/C5426085","Has a friend or relative or anyone else ever expressed concern about your use of sedatives or sleeping pills:Find:Pt:^Patient:Ord:NIDA"
"2004","C5426065","LNC","https://uts-ws.nlm.nih.gov/rest/content/2022AA/CUI/C5426065","During the past 3Mo, how often has your use of sedatives or sleeping pills led to health, social, legal or financial problems:Find:3Mo:^Patient:Ord:NIDA"
"2005","C3166790","LNC","https://uts-ws.nlm.nih.gov/rest/content/2022AA/CUI/C3166790","While your child sleeps, have you seen repeated kicks or jerks of the legs at regular intervals - about every 20 to 40S"
"2006","C5426055","LNC","https://uts-ws.nlm.nih.gov/rest/content/2022AA/CUI/C5426055","During the past 3Mo, how often have you had a strong desire or urge to use sedatives or sleeping pills:Find:3Mo:^Patient:Ord:NIDA"
"2007","C3174117","LNC","https://uts-ws.nlm.nih.gov/rest/content/2022AA/CUI/C3174117","While your child sleeps, have you seen repeated kicks or jerks of the legs at regular intervals - about every 20 to 40S:Find:Pt:^Patient:Ord:PhenX"
"2008","C5424571","LNC","https://uts-ws.nlm.nih.gov/rest/content/2022AA/CUI/C5424571","During the past 3Mo, how often have you failed to do what was normally expected of you because of your use of sedatives or sleeping pills"
"2009","C3166717","LNC","https://uts-ws.nlm.nih.gov/rest/content/2022AA/CUI/C3166717","When you are traveling east by air and you cross over several time zones, how quickly do you return to your usual sleeping pattern"
"2010","C5426075","LNC","https://uts-ws.nlm.nih.gov/rest/content/2022AA/CUI/C5426075","During the past 3Mo, how often have you failed to do what was normally expected of you because of your use of sedatives or sleeping pills:Find:3Mo:^Patient:Ord:NIDA"
"2011","C3175972","LNC","https://uts-ws.nlm.nih.gov/rest/content/2022AA/CUI/C3175972","When you are traveling east by air and you cross over several time zones, how quickly do you return to your usual sleeping pattern:Time:Pt:^Patient:Qn:PhenX"
"2012","C0512568","NIC","https://uts-ws.nlm.nih.gov/rest/content/2022AA/CUI/C0512568","Instruct to avoid sleeping prone"
"2013","C0509042","NIC","https://uts-ws.nlm.nih.gov/rest/content/2022AA/CUI/C0509042","Assist to demonstrate appropriate sleeping positions"
"2014","C0514604","NIC","https://uts-ws.nlm.nih.gov/rest/content/2022AA/CUI/C0514604","Provide a sleeping surface close to the floor, as needed"
"2015","C0811914","NIC","https://uts-ws.nlm.nih.gov/rest/content/2022AA/CUI/C0811914","Provide sleeping arrangements for relatives close to the unit, as appropriate"
"2016","C4711993","NIC","https://uts-ws.nlm.nih.gov/rest/content/2022AA/CUI/C4711993","Instruct parent to place newborn on back when sleeping"
"2017","C4713064","NIC","https://uts-ws.nlm.nih.gov/rest/content/2022AA/CUI/C4713064","Incorporate preferred sleeping position into the plan of care if not contraindicated"
"2018","C4712011","NIC","https://uts-ws.nlm.nih.gov/rest/content/2022AA/CUI/C4712011","Position infant for sleeping in prone upright position on parent's bared chest, if appropriate"
"2019","C1821895","NOC","https://uts-ws.nlm.nih.gov/rest/content/2022AA/CUI/C1821895","Sleeps through the night consistently"
"2020","C4714151","NIC","https://uts-ws.nlm.nih.gov/rest/content/2022AA/CUI/C4714151","Instruct parents to reposition infant every hour unless sleeping, by placing in infant seat, swing, stroller, as appropriate"
"2021","C4709781","NIC","https://uts-ws.nlm.nih.gov/rest/content/2022AA/CUI/C4709781","Encourage frequent, sustained physical closeness between infant and parent (e.g., skin-to-skin contact, breastfeeding, child carrying, and sleeping in close proximity to infant)"
"2022","C1821746","NOC","https://uts-ws.nlm.nih.gov/rest/content/2022AA/CUI/C1821746","Sleeps through the night with no cough or wheeze"
"2023","C0811081","NIC","https://uts-ws.nlm.nih.gov/rest/content/2022AA/CUI/C0811081","Emphasize importance of healthy patterns of eating, sleeping, exercising, etc., to individuals, families, and groups who model these values and behaviors to others, particularly children"
"2024","C0868698","MTHICD9","https://uts-ws.nlm.nih.gov/rest/content/2022AA/CUI/C0868698","Screening examination for sleeping sickness"
"2025","C0868302","MTHICD9","https://uts-ws.nlm.nih.gov/rest/content/2022AA/CUI/C0868302","Sleeping tablet NOS causing adverse effects in therapeutic use"
"2026","C0868301","MTHICD9","https://uts-ws.nlm.nih.gov/rest/content/2022AA/CUI/C0868301","Sleeping drug NOS causing adverse effects in therapeutic use"
"2027","C0306147","SNMI","https://uts-ws.nlm.nih.gov/rest/content/2022AA/CUI/C0306147","Excedrin P.M. Analgesic/Sleeping Aid Tablets"
"2028","C0547101","PCDS","https://uts-ws.nlm.nih.gov/rest/content/2022AA/CUI/C0547101","Assess patient's sleeping habits, patterns."
"2029","C0547102","PCDS","https://uts-ws.nlm.nih.gov/rest/content/2022AA/CUI/C0547102","Assess usual sleeping habits or patterns at home or during previous hospitalizations."
"2030","C0680104","AOD","https://uts-ws.nlm.nih.gov/rest/content/2022AA/CUI/C0680104","change in sleeping habits"
"2031","C0679156","AOD","https://uts-ws.nlm.nih.gov/rest/content/2022AA/CUI/C0679156","animal sleeping behavior"
"2032","C0814444","AOD","https://uts-ws.nlm.nih.gov/rest/content/2022AA/CUI/C0814444","sleeping 7-8 hours regularly"
